Workbook
Name BOBOT: 'Input Status'!$D$7:$Z$7
Name MULAI: ('Input Status'!$D$5:$Z$5-1)
Name DURASI: 'Input Status'!$D$6:$Z$6
Name PETA: Pengaturan!$A$6:$B$10
Name BOB_A: 'Input Status'!$D$7:$J$7
Name BOB_B: 'Input Status'!$K$7:$N$7
Name BOB_C: 'Input Status'!$O$7:$T$7
Name BOB_D: 'Input Status'!$U$7:$Z$7

Sheet Data Mahasiswa
A1: DATA MAHASISWA
A2: Daftar induk mahasiswa bimbingan (maks. 25). Isi kolom kuning. 4 baris pertama adalah CONTOH - hapus isinya sebelum dipakai.
A3: No | B3: Nama Mahasiswa | C3: NIM | D3: Program Studi | E3: Judul Skripsi | F3: Pembimbing 1 | G3: Pembimbing 2 | H3: Tanggal SK Diturunkan | I3: Catatan
A4: 1 | B4: Muzhaffirah Gyda Kania Subagja | C4: 230210230005 | D4: Ilmu Kelautan | E4: Identifikasi dan Distribusi Mikroplastik pada Kedalaman Sedimen Mangrove Berbeda di Kabupaten Pasuruan, Jawa Timur | F4: Buntora Pasaribu, S.Pi., M.Sc., Ph.D | G4: Mochamad Rudyansyah Ismail, S.Pi., M.Si.
A5: 2 | B5: An-Nisa Nurul Azqiya | C5: 230210230018 | D5: Ilmu Kelautan | E5: Identifikasi Dan Karakterisasi Polimer Mikroplastik Pada Teripang Di Perairan Pangandaran | F5: Buntora Pasaribu, S.Pi., M.Sc., Ph.D | G5: Ir. Muhammad Wahyudin Lewaru, S.Pi., M.Sc., CMT.
A6: 3 | B6: Alifannursin Mahdan Atsrak | C6: 230320250004 | D6: Konservasi Laut | E6: Kajian Kontaminasi Mikroplastik pada Berbagai Kedalaman Sedimen serta pada Air dan Biota di Ekosistem Mangrove Kabupaten Gresik, Jawa Timur, Indonesia | F6: Buntora Pasaribu, S.Pi., M.Sc., Ph.D
A7: 4 | B7: Raziq Aldin | C7: 230310220006 | D7: Perikanan Laut Tropis | E7: Identifikasi Dan Karakteristik Mikroplastik Pada Kedalaman Sedimen Yang Berbeda Di Ekosistem Mangrove: Studi Kasus Kabupaten Pangandaran | F7: Buntora Pasaribu, S.Pi., M.Sc., Ph.D
A8: 5
A9: 6
A10: 7
A11: 8
A12: 9
A13: 10
A14: 11
A15: 12
A16: 13
A17: 14
A18: 15
A19: 16
... A28: 25

Sheet Input Status
A1: INPUT STATUS KEGIATAN PER MAHASISWA
A2: Pilih status tiap kegiatan lewat dropdown (sel kosong = Belum Mulai). Nama & NIM terisi otomatis dari Data Mahasiswa.
B3: Tahap | D3: A. Persiapan & Proposal | K3: B. Pelaksanaan Penelitian | O3: C. Penulisan & Bimbingan Naskah | U3: D. Sidang Sarjana
B4: Kode | D4: A1 | E4: A2 | F4: A3 | G4: A4 | H4: A5 | I4: A6 | J4: A7 | K4: B1 | L4: B2 | M4: B3 | N4: B4 | O4: C1 | P4: C2 | Q4: C3 | R4: C4 | S4: C5 | T4: C6 | U4: D1 | V4: D2 | W4: D3 | X4: D4 | Y4: D5 | Z4: D6
B5: Mulai (minggu ke-) | D5: 1 | E5: 2 | F5: 4 | G5: 7 | H5: 9 | I5: 10 | J5: 11 | K5: 11 | L5: 13 | M5: 17 | N5: 19 | O5: 20 | P5: 23 | Q5: 23 | R5: 26 | S5: 27 | T5: 28 | U5: 28 | V5: 30 | W5: 31 | X5: 32 | Y5: 33 | Z5: 35
B6: Durasi (minggu) | D6: 1 | E6: 2 | F6: 4 | G6: 2 | H6: 1 | I6: 1 | J6: 2 | K6: 2 | L6: 6 | M6: 4 | N6: 2 | O6: 3 | P6: 2 | Q6: 4 | R6: 1 | S6: 1 | T6: 1 | U6: 2 | V6: 1 | W6: 1 | X6: 1 | Y6: 2 | Z6: 2
B7: Bobot kegiatan | D7: 1 | E7: 2 | F7: 4 | G7: 2 | H7: 1 | I7: 1 | J7: 2 | K7: 2 | L7: 6 | M7: 4 | N7: 2 | O7: 3 | P7: 2 | Q7: 4 | R7: 1 | S7: 1 | T7: 1 | U7: 2 | V7: 1 | W7: 1 | X7: 1 | Y7: 2 | Z7: 2
A8: No | B8: Nama Mahasiswa | C8: NIM | D8: Menerima SK & konsultasi awal | E8: Penentuan topik & studi pendahuluan | F8: Penyusunan proposal (Bab 1-3) | G8: Bimbingan proposal sampai ACC | H8: Pendaftaran seminar proposal | I8: Seminar proposal | J8: Revisi proposal pasca seminar | K8: Izin penelitian/etik & persiapan alat-bahan | L8: Pengumpulan data / pelaksanaan penelitian | M8: Pengolahan & analisis data | N8: Bimbingan progres hasil penelitian | O8: Penulisan Bab 4 (Hasil & Pembahasan) | P8: Penulisan Bab 5, abstrak & daftar pustaka | Q8: Bimbingan naskah lengkap | R8: Seminar hasil (jika disyaratkan) | S8: Cek similarity/plagiarisme | T8: ACC pembimbing untuk maju sidang | U8: Melengkapi berkas pendaftaran sidang | V8: Pendaftaran sidang & penetapan jadwal/penguji | W8: Pengiriman naskah ke penguji | X8: SIDANG SARJANA | Y8: Revisi pasca sidang | Z8: Pengesahan, penjilidan & pengumpulan naskah akhir
A9: ='Data Mahasiswa'!A4 | B9: =IF('Data Mahasiswa'!B4="","",'Data Mahasiswa'!B4) | C9: =IF('Data Mahasiswa'!C4="","",'Data Mahasiswa'!C4) | D9: Menunggu Review | E9: Selesai | F9: Sedang Dikerjakan
A10: ='Data Mahasiswa'!A5 | B10: =IF('Data Mahasiswa'!B5="","",'Data Mahasiswa'!B5) | C10: =IF('Data Mahasiswa'!C5="","",'Data Mahasiswa'!C5) | D10: Menunggu Review | E10: Selesai | F10: Sedang Dikerjakan
A11: ='Data Mahasiswa'!A6 | B11: =IF('Data Mahasiswa'!B6="","",'Data Mahasiswa'!B6) | C11: =IF('Data Mahasiswa'!C6="","",'Data Mahasiswa'!C6) | D11: Selesai | E11: Selesai | F11: Menunggu Review | K11: Selesai | L11: Selesai
A12: ='Data Mahasiswa'!A7 | B12: =IF('Data Mahasiswa'!B7="","",'Data Mahasiswa'!B7) | C12: =IF('Data Mahasiswa'!C7="","",'Data Mahasiswa'!C7) | D12: Selesai | E12: Selesai | F12: Selesai | G12: Selesai | H12: Selesai | I12: Selesai | J12: Selesai | K12: Selesai | L12: Selesai | M12: Selesai | N12: Selesai | O12: Selesai | P12: Selesai | Q12: Selesai | R12: Selesai | S12: Selesai | T12: Selesai | U12: Selesai | V12: Selesai | W12: Selesai | X12: Selesai | Y12: Sedang Dikerjakan
A13: ='Data Mahasiswa'!A8 | B13: =IF('Data Mahasiswa'!B8="","",'Data Mahasiswa'!B8) | C13: =IF('Data Mahasiswa'!C8="","",'Data Mahasiswa'!C8)
A14: ='Data Mahasiswa'!A9 | B14: =IF('Data Mahasiswa'!B9="","",'Data Mahasiswa'!B9) | C14: =IF('Data Mahasiswa'!C9="","",'Data Mahasiswa'!C9)
A15: ='Data Mahasiswa'!A10 | B15: =IF('Data Mahasiswa'!B10="","",'Data Mahasiswa'!B10) | C15: =IF('Data Mahasiswa'!C10="","",'Data Mahasiswa'!C10)
A16: ='Data Mahasiswa'!A11 | B16: =IF('Data Mahasiswa'!B11="","",'Data Mahasiswa'!B11) | C16: =IF('Data Mahasiswa'!C11="","",'Data Mahasiswa'!C11)
A17: ='Data Mahasiswa'!A12 | B17: =IF('Data Mahasiswa'!B12="","",'Data Mahasiswa'!B12) | C17: =IF('Data Mahasiswa'!C12="","",'Data Mahasiswa'!C12)
A18: ='Data Mahasiswa'!A13 | B18: =IF('Data Mahasiswa'!B13="","",'Data Mahasiswa'!B13) | C18: =IF('Data Mahasiswa'!C13="","",'Data Mahasiswa'!C13)
A19: ='Data Mahasiswa'!A14 | B19: =IF('Data Mahasiswa'!B14="","",'Data Mahasiswa'!B14) | C19: =IF('Data Mahasiswa'!C14="","",'Data Mahasiswa'!C14)
A20: ='Data Mahasiswa'!A15 | B20: =IF('Data Mahasiswa'!B15="","",'Data Mahasiswa'!B15) | C20: =IF('Data Mahasiswa'!C15="","",'Data Mahasiswa'!C15)
A21: ='Data Mahasiswa'!A16 | B21: =IF('Data Mahasiswa'!B16="","",'Data Mahasiswa'!B16) | C21: =IF('Data Mahasiswa'!C16="","",'Data Mahasiswa'!C16)
A22: ='Data Mahasiswa'!A17 | B22: =IF('Data Mahasiswa'!B17="","",'Data Mahasiswa'!B17) | C22: =IF('Data Mahasiswa'!C17="","",'Data Mahasiswa'!C17)
A23: ='Data Mahasiswa'!A18 | B23: =IF('Data Mahasiswa'!B18="","",'Data Mahasiswa'!B18) | C23: =IF('Data Mahasiswa'!C18="","",'Data Mahasiswa'!C18)
A24: ='Data Mahasiswa'!A19 | B24: =IF('Data Mahasiswa'!B19="","",'Data Mahasiswa'!B19) | C24: =IF('Data Mahasiswa'!C19="","",'Data Mahasiswa'!C19)
... A33: ='Data Mahasiswa'!A28 | B33: =IF('Data Mahasiswa'!B28="","",'Data Mahasiswa'!B28) | C33: =IF('Data Mahasiswa'!C28="","",'Data Mahasiswa'!C28)

Sheet Laporan Progres
A1: LAPORAN PROGRES SKRIPSI - SEMUA MAHASISWA
A2: Otomatis dari Data Mahasiswa & Input Status. Persentase = rata-rata tertimbang bobot kegiatan (lihat Petunjuk).
B4: Total Mahasiswa | C4: Rata-rata Progres | D4: Per Tanggal | E4: Selesai | F4: Sesuai Jalur | G4: Perlu Perhatian | H4: Tertinggal | I4: Sidang dalam 60 hari
B5: =COUNTIF($B$8:$B$32,"?*") | C5: =IFERROR(SUMIF($B$8:$B$32,"?*",$F$8:$F$32)/COUNTIF($B$8:$B$32,"?*"),0) | D5: =TODAY() | E5: =COUNTIF($R$8:$R$32,"Selesai") | F5: =COUNTIF($R$8:$R$32,"Sesuai Jalur") | G5: =COUNTIF($R$8:$R$32,"Perlu Perhatian") | H5: =COUNTIF($R$8:$R$32,"Tertinggal") | I5: =COUNTIFS($Q$8:$Q$32,">=0",$Q$8:$Q$32,"<="&Pengaturan!$B$16)
A7: No | B7: Nama Mahasiswa | C7: NIM | D7: Pembimbing 1 | E7: Tanggal SK | F7: Progres Keseluruhan | G7: A. Persiapan & Proposal | H7: B. Pelaksanaan Penelitian | I7: C. Penulisan Naskah | J7: D. Sidang Sarjana | K7: Progres Seharusnya (jadwal) | L7: Selisih (poin) | M7: Tahap Saat Ini | N7: Kegiatan Selesai | O7: Kegiatan Terhambat | P7: Target Sidang | Q7: Sisa Hari | R7: Status | S7: Peringatan
A8: ='Data Mahasiswa'!A4 | B8: =IF('Data Mahasiswa'!B4="","",'Data Mahasiswa'!B4) | C8: =IF($B8="","",'Data Mahasiswa'!C4) | D8: =IF($B8="","",'Data Mahasiswa'!F4) | E8: =IF($B8="","",IF('Data Mahasiswa'!H4="","",'Data Mahasiswa'!H4)) | F8: =IF($B8="","",SUMPRODUCT(BOBOT,IFERROR(VLOOKUP('Input Status'!D9:Z9,PETA,2,FALSE),0))/SUM(BOBOT)) | G8: =IF($B8="","",SUMPRODUCT(BOB_A,IFERROR(VLOOKUP('Input Status'!D9:J9,PETA,2,FALSE),0))/SUM(BOB_A)) | H8: =IF($B8="","",SUMPRODUCT(BOB_B,IFERROR(VLOOKUP('Input Status'!K9:N9,PETA,2,FALSE),0))/SUM(BOB_B)) | I8: =IF($B8="","",SUMPRODUCT(BOB_C,IFERROR(VLOOKUP('Input Status'!O9:T9,PETA,2,FALSE),0))/SUM(BOB_C)) | J8: =IF($B8="","",SUMPRODUCT(BOB_D,IFERROR(VLOOKUP('Input Status'!U9:Z9,PETA,2,FALSE),0))/SUM(BOB_D)) | K8: =IF(OR($B8="",$E8=""),"",SUMPRODUCT(BOBOT,((((TODAY()-$E8)/7-MULAI)/DURASI)>=1)+((((TODAY()-$E8)/7-MULAI)/DURASI)>0)*((((TODAY()-$E8)/7-MULAI)/DURASI)<1)*(((TODAY()-$E8)/7-MULAI)/DURASI))/SUM(BOBOT)) | L8: =IF(OR($F8="",$K8=""),"",$F8-$K8) | M8: =IF($B8="","",IF($G8<1,"A. Persiapan & Proposal",IF($H8<1,"B. Pelaksanaan Penelitian",IF($I8<1,"C. Penulisan Naskah",IF($J8<1,"D. Sidang Sarjana","Selesai"))))) | N8: =IF($B8="","",COUNTIF('Input Status'!D9:Z9,"Selesai")&"/"&23) | O8: =IF($B8="","",COUNTIF('Input Status'!D9:Z9,"Terhambat")) | P8: =IF(OR($B8="",$E8=""),"",$E8+('Input Status'!$X$5-1+'Input Status'!$X$6)*7) | Q8: =IF($P8="","",$P8-TODAY()) | R8: =IF($B8="","",IF($F8>=1,"Selesai",IF($K8="","Sesuai Jalur",IF($L8<-Pengaturan!$B$15,"Tertinggal",IF(OR($O8>0,$L8<-Pengaturan!$B$14),"Perlu Perhatian","Sesuai Jalur"))))) | S8: =IF($B8="","",TRIM(IF($O8>0,$O8&" kegiatan terhambat. ","")&IF(AND(ISNUMBER($Q8),$Q8<=Pengaturan!$B$16,$Q8>=0),"Sidang "&TEXT($Q8,"0")&" hari lagi. ","")&IF($E8="","Tanggal SK belum diisi.","")))
A9: ='Data Mahasiswa'!A5 | B9: =IF('Data Mahasiswa'!B5="","",'Data Mahasiswa'!B5) | C9: =IF($B9="","",'Data Mahasiswa'!C5) | D9: =IF($B9="","",'Data Mahasiswa'!F5) | E9: =IF($B9="","",IF('Data Mahasiswa'!H5="","",'Data Mahasiswa'!H5)) | F9: =IF($B9="","",SUMPRODUCT(BOBOT,IFERROR(VLOOKUP('Input Status'!D10:Z10,PETA,2,FALSE),0))/SUM(BOBOT)) | G9: =IF($B9="","",SUMPRODUCT(BOB_A,IFERROR(VLOOKUP('Input Status'!D10:J10,PETA,2,FALSE),0))/SUM(BOB_A)) | H9: =IF($B9="","",SUMPRODUCT(BOB_B,IFERROR(VLOOKUP('Input Status'!K10:N10,PETA,2,FALSE),0))/SUM(BOB_B)) | I9: =IF($B9="","",SUMPRODUCT(BOB_C,IFERROR(VLOOKUP('Input Status'!O10:T10,PETA,2,FALSE),0))/SUM(BOB_C)) | J9: =IF($B9="","",SUMPRODUCT(BOB_D,IFERROR(VLOOKUP('Input Status'!U10:Z10,PETA,2,FALSE),0))/SUM(BOB_D)) | K9: =IF(OR($B9="",$E9=""),"",SUMPRODUCT(BOBOT,((((TODAY()-$E9)/7-MULAI)/DURASI)>=1)+((((TODAY()-$E9)/7-MULAI)/DURASI)>0)*((((TODAY()-$E9)/7-MULAI)/DURASI)<1)*(((TODAY()-$E9)/7-MULAI)/DURASI))/SUM(BOBOT)) | L9: =IF(OR($F9="",$K9=""),"",$F9-$K9) | M9: =IF($B9="","",IF($G9<1,"A. Persiapan & Proposal",IF($H9<1,"B. Pelaksanaan Penelitian",IF($I9<1,"C. Penulisan Naskah",IF($J9<1,"D. Sidang Sarjana","Selesai"))))) | N9: =IF($B9="","",COUNTIF('Input Status'!D10:Z10,"Selesai")&"/"&23) | O9: =IF($B9="","",COUNTIF('Input Status'!D10:Z10,"Terhambat")) | P9: =IF(OR($B9="",$E9=""),"",$E9+('Input Status'!$X$5-1+'Input Status'!$X$6)*7) | Q9: =IF($P9="","",$P9-TODAY()) | R9: =IF($B9="","",IF($F9>=1,"Selesai",IF($K9="","Sesuai Jalur",IF($L9<-Pengaturan!$B$15,"Tertinggal",IF(OR($O9>0,$L9<-Pengaturan!$B$14),"Perlu Perhatian","Sesuai Jalur"))))) | S9: =IF($B9="","",TRIM(IF($O9>0,$O9&" kegiatan terhambat. ","")&IF(AND(ISNUMBER($Q9),$Q9<=Pengaturan!$B$16,$Q9>=0),"Sidang "&TEXT($Q9,"0")&" hari lagi. ","")&IF($E9="","Tanggal SK belum diisi.","")))
A10: ='Data Mahasiswa'!A6 | B10: =IF('Data Mahasiswa'!B6="","",'Data Mahasiswa'!B6) | C10: =IF($B10="","",'Data Mahasiswa'!C6) | D10: =IF($B10="","",'Data Mahasiswa'!F6) | E10: =IF($B10="","",IF('Data Mahasiswa'!H6="","",'Data Mahasiswa'!H6)) | F10: =IF($B10="","",SUMPRODUCT(BOBOT,IFERROR(VLOOKUP('Input Status'!D11:Z11,PETA,2,FALSE),0))/SUM(BOBOT)) | G10: =IF($B10="","",SUMPRODUCT(BOB_A,IFERROR(VLOOKUP('Input Status'!D11:J11,PETA,2,FALSE),0))/SUM(BOB_A)) | H10: =IF($B10="","",SUMPRODUCT(BOB_B,IFERROR(VLOOKUP('Input Status'!K11:N11,PETA,2,FALSE),0))/SUM(BOB_B)) | I10: =IF($B10="","",SUMPRODUCT(BOB_C,IFERROR(VLOOKUP('Input Status'!O11:T11,PETA,2,FALSE),0))/SUM(BOB_C)) | J10: =IF($B10="","",SUMPRODUCT(BOB_D,IFERROR(VLOOKUP('Input Status'!U11:Z11,PETA,2,FALSE),0))/SUM(BOB_D)) | K10: =IF(OR($B10="",$E10=""),"",SUMPRODUCT(BOBOT,((((TODAY()-$E10)/7-MULAI)/DURASI)>=1)+((((TODAY()-$E10)/7-MULAI)/DURASI)>0)*((((TODAY()-$E10)/7-MULAI)/DURASI)<1)*(((TODAY()-$E10)/7-MULAI)/DURASI))/SUM(BOBOT)) | L10: =IF(OR($F10="",$K10=""),"",$F10-$K10) | M10: =IF($B10="","",IF($G10<1,"A. Persiapan & Proposal",IF($H10<1,"B. Pelaksanaan Penelitian",IF($I10<1,"C. Penulisan Naskah",IF($J10<1,"D. Sidang Sarjana","Selesai"))))) | N10: =IF($B10="","",COUNTIF('Input Status'!D11:Z11,"Selesai")&"/"&23) | O10: =IF($B10="","",COUNTIF('Input Status'!D11:Z11,"Terhambat")) | P10: =IF(OR($B10="",$E10=""),"",$E10+('Input Status'!$X$5-1+'Input Status'!$X$6)*7) | Q10: =IF($P10="","",$P10-TODAY()) | R10: =IF($B10="","",IF($F10>=1,"Selesai",IF($K10="","Sesuai Jalur",IF($L10<-Pengaturan!$B$15,"Tertinggal",IF(OR($O10>0,$L10<-Pengaturan!$B$14),"Perlu Perhatian","Sesuai Jalur"))))) | S10: =IF($B10="","",TRIM(IF($O10>0,$O10&" kegiatan terhambat. ","")&IF(AND(ISNUMBER($Q10),$Q10<=Pengaturan!$B$16,$Q10>=0),"Sidang "&TEXT($Q10,"0")&" hari lagi. ","")&IF($E10="","Tanggal SK belum diisi.","")))
A11: ='Data Mahasiswa'!A7 | B11: =IF('Data Mahasiswa'!B7="","",'Data Mahasiswa'!B7) | C11: =IF($B11="","",'Data Mahasiswa'!C7) | D11: =IF($B11="","",'Data Mahasiswa'!F7) | E11: =IF($B11="","",IF('Data Mahasiswa'!H7="","",'Data Mahasiswa'!H7)) | F11: =IF($B11="","",SUMPRODUCT(BOBOT,IFERROR(VLOOKUP('Input Status'!D12:Z12,PETA,2,FALSE),0))/SUM(BOBOT)) | G11: =IF($B11="","",SUMPRODUCT(BOB_A,IFERROR(VLOOKUP('Input Status'!D12:J12,PETA,2,FALSE),0))/SUM(BOB_A)) | H11: =IF($B11="","",SUMPRODUCT(BOB_B,IFERROR(VLOOKUP('Input Status'!K12:N12,PETA,2,FALSE),0))/SUM(BOB_B)) | I11: =IF($B11="","",SUMPRODUCT(BOB_C,IFERROR(VLOOKUP('Input Status'!O12:T12,PETA,2,FALSE),0))/SUM(BOB_C)) | J11: =IF($B11="","",SUMPRODUCT(BOB_D,IFERROR(VLOOKUP('Input Status'!U12:Z12,PETA,2,FALSE),0))/SUM(BOB_D)) | K11: =IF(OR($B11="",$E11=""),"",SUMPRODUCT(BOBOT,((((TODAY()-$E11)/7-MULAI)/DURASI)>=1)+((((TODAY()-$E11)/7-MULAI)/DURASI)>0)*((((TODAY()-$E11)/7-MULAI)/DURASI)<1)*(((TODAY()-$E11)/7-MULAI)/DURASI))/SUM(BOBOT)) | L11: =IF(OR($F11="",$K11=""),"",$F11-$K11) | M11: =IF($B11="","",IF($G11<1,"A. Persiapan & Proposal",IF($H11<1,"B. Pelaksanaan Penelitian",IF($I11<1,"C. Penulisan Naskah",IF($J11<1,"D. Sidang Sarjana","Selesai"))))) | N11: =IF($B11="","",COUNTIF('Input Status'!D12:Z12,"Selesai")&"/"&23) | O11: =IF($B11="","",COUNTIF('Input Status'!D12:Z12,"Terhambat")) | P11: =IF(OR($B11="",$E11=""),"",$E11+('Input Status'!$X$5-1+'Input Status'!$X$6)*7) | Q11: =IF($P11="","",$P11-TODAY()) | R11: =IF($B11="","",IF($F11>=1,"Selesai",IF($K11="","Sesuai Jalur",IF($L11<-Pengaturan!$B$15,"Tertinggal",IF(OR($O11>0,$L11<-Pengaturan!$B$14),"Perlu Perhatian","Sesuai Jalur"))))) | S11: =IF($B11="","",TRIM(IF($O11>0,$O11&" kegiatan terhambat. ","")&IF(AND(ISNUMBER($Q11),$Q11<=Pengaturan!$B$16,$Q11>=0),"Sidang "&TEXT($Q11,"0")&" hari lagi. ","")&IF($E11="","Tanggal SK belum diisi.","")))
A12: ='Data Mahasiswa'!A8 | B12: =IF('Data Mahasiswa'!B8="","",'Data Mahasiswa'!B8) | C12: =IF($B12="","",'Data Mahasiswa'!C8) | D12: =IF($B12="","",'Data Mahasiswa'!F8) | E12: =IF($B12="","",IF('Data Mahasiswa'!H8="","",'Data Mahasiswa'!H8)) | F12: =IF($B12="","",SUMPRODUCT(BOBOT,IFERROR(VLOOKUP('Input Status'!D13:Z13,PETA,2,FALSE),0))/SUM(BOBOT)) | G12: =IF($B12="","",SUMPRODUCT(BOB_A,IFERROR(VLOOKUP('Input Status'!D13:J13,PETA,2,FALSE),0))/SUM(BOB_A)) | H12: =IF($B12="","",SUMPRODUCT(BOB_B,IFERROR(VLOOKUP('Input Status'!K13:N13,PETA,2,FALSE),0))/SUM(BOB_B)) | I12: =IF($B12="","",SUMPRODUCT(BOB_C,IFERROR(VLOOKUP('Input Status'!O13:T13,PETA,2,FALSE),0))/SUM(BOB_C)) | J12: =IF($B12="","",SUMPRODUCT(BOB_D,IFERROR(VLOOKUP('Input Status'!U13:Z13,PETA,2,FALSE),0))/SUM(BOB_D)) | K12: =IF(OR($B12="",$E12=""),"",SUMPRODUCT(BOBOT,((((TODAY()-$E12)/7-MULAI)/DURASI)>=1)+((((TODAY()-$E12)/7-MULAI)/DURASI)>0)*((((TODAY()-$E12)/7-MULAI)/DURASI)<1)*(((TODAY()-$E12)/7-MULAI)/DURASI))/SUM(BOBOT)) | L12: =IF(OR($F12="",$K12=""),"",$F12-$K12) | M12: =IF($B12="","",IF($G12<1,"A. Persiapan & Proposal",IF($H12<1,"B. Pelaksanaan Penelitian",IF($I12<1,"C. Penulisan Naskah",IF($J12<1,"D. Sidang Sarjana","Selesai"))))) | N12: =IF($B12="","",COUNTIF('Input Status'!D13:Z13,"Selesai")&"/"&23) | O12: =IF($B12="","",COUNTIF('Input Status'!D13:Z13,"Terhambat")) | P12: =IF(OR($B12="",$E12=""),"",$E12+('Input Status'!$X$5-1+'Input Status'!$X$6)*7) | Q12: =IF($P12="","",$P12-TODAY()) | R12: =IF($B12="","",IF($F12>=1,"Selesai",IF($K12="","Sesuai Jalur",IF($L12<-Pengaturan!$B$15,"Tertinggal",IF(OR($O12>0,$L12<-Pengaturan!$B$14),"Perlu Perhatian","Sesuai Jalur"))))) | S12: =IF($B12="","",TRIM(IF($O12>0,$O12&" kegiatan terhambat. ","")&IF(AND(ISNUMBER($Q12),$Q12<=Pengaturan!$B$16,$Q12>=0),"Sidang "&TEXT($Q12,"0")&" hari lagi. ","")&IF($E12="","Tanggal SK belum diisi.","")))
A13: ='Data Mahasiswa'!A9 | B13: =IF('Data Mahasiswa'!B9="","",'Data Mahasiswa'!B9) | C13: =IF($B13="","",'Data Mahasiswa'!C9) | D13: =IF($B13="","",'Data Mahasiswa'!F9) | E13: =IF($B13="","",IF('Data Mahasiswa'!H9="","",'Data Mahasiswa'!H9)) | F13: =IF($B13="","",SUMPRODUCT(BOBOT,IFERROR(VLOOKUP('Input Status'!D14:Z14,PETA,2,FALSE),0))/SUM(BOBOT)) | G13: =IF($B13="","",SUMPRODUCT(BOB_A,IFERROR(VLOOKUP('Input Status'!D14:J14,PETA,2,FALSE),0))/SUM(BOB_A)) | H13: =IF($B13="","",SUMPRODUCT(BOB_B,IFERROR(VLOOKUP('Input Status'!K14:N14,PETA,2,FALSE),0))/SUM(BOB_B)) | I13: =IF($B13="","",SUMPRODUCT(BOB_C,IFERROR(VLOOKUP('Input Status'!O14:T14,PETA,2,FALSE),0))/SUM(BOB_C)) | J13: =IF($B13="","",SUMPRODUCT(BOB_D,IFERROR(VLOOKUP('Input Status'!U14:Z14,PETA,2,FALSE),0))/SUM(BOB_D)) | K13: =IF(OR($B13="",$E13=""),"",SUMPRODUCT(BOBOT,((((TODAY()-$E13)/7-MULAI)/DURASI)>=1)+((((TODAY()-$E13)/7-MULAI)/DURASI)>0)*((((TODAY()-$E13)/7-MULAI)/DURASI)<1)*(((TODAY()-$E13)/7-MULAI)/DURASI))/SUM(BOBOT)) | L13: =IF(OR($F13="",$K13=""),"",$F13-$K13) | M13: =IF($B13="","",IF($G13<1,"A. Persiapan & Proposal",IF($H13<1,"B. Pelaksanaan Penelitian",IF($I13<1,"C. Penulisan Naskah",IF($J13<1,"D. Sidang Sarjana","Selesai"))))) | N13: =IF($B13="","",COUNTIF('Input Status'!D14:Z14,"Selesai")&"/"&23) | O13: =IF($B13="","",COUNTIF('Input Status'!D14:Z14,"Terhambat")) | P13: =IF(OR($B13="",$E13=""),"",$E13+('Input Status'!$X$5-1+'Input Status'!$X$6)*7) | Q13: =IF($P13="","",$P13-TODAY()) | R13: =IF($B13="","",IF($F13>=1,"Selesai",IF($K13="","Sesuai Jalur",IF($L13<-Pengaturan!$B$15,"Tertinggal",IF(OR($O13>0,$L13<-Pengaturan!$B$14),"Perlu Perhatian","Sesuai Jalur"))))) | S13: =IF($B13="","",TRIM(IF($O13>0,$O13&" kegiatan terhambat. ","")&IF(AND(ISNUMBER($Q13),$Q13<=Pengaturan!$B$16,$Q13>=0),"Sidang "&TEXT($Q13,"0")&" hari lagi. ","")&IF($E13="","Tanggal SK belum diisi.","")))
A14: ='Data Mahasiswa'!A10 | B14: =IF('Data Mahasiswa'!B10="","",'Data Mahasiswa'!B10) | C14: =IF($B14="","",'Data Mahasiswa'!C10) | D14: =IF($B14="","",'Data Mahasiswa'!F10) | E14: =IF($B14="","",IF('Data Mahasiswa'!H10="","",'Data Mahasiswa'!H10)) | F14: =IF($B14="","",SUMPRODUCT(BOBOT,IFERROR(VLOOKUP('Input Status'!D15:Z15,PETA,2,FALSE),0))/SUM(BOBOT)) | G14: =IF($B14="","",SUMPRODUCT(BOB_A,IFERROR(VLOOKUP('Input Status'!D15:J15,PETA,2,FALSE),0))/SUM(BOB_A)) | H14: =IF($B14="","",SUMPRODUCT(BOB_B,IFERROR(VLOOKUP('Input Status'!K15:N15,PETA,2,FALSE),0))/SUM(BOB_B)) | I14: =IF($B14="","",SUMPRODUCT(BOB_C,IFERROR(VLOOKUP('Input Status'!O15:T15,PETA,2,FALSE),0))/SUM(BOB_C)) | J14: =IF($B14="","",SUMPRODUCT(BOB_D,IFERROR(VLOOKUP('Input Status'!U15:Z15,PETA,2,FALSE),0))/SUM(BOB_D)) | K14: =IF(OR($B14="",$E14=""),"",SUMPRODUCT(BOBOT,((((TODAY()-$E14)/7-MULAI)/DURASI)>=1)+((((TODAY()-$E14)/7-MULAI)/DURASI)>0)*((((TODAY()-$E14)/7-MULAI)/DURASI)<1)*(((TODAY()-$E14)/7-MULAI)/DURASI))/SUM(BOBOT)) | L14: =IF(OR($F14="",$K14=""),"",$F14-$K14) | M14: =IF($B14="","",IF($G14<1,"A. Persiapan & Proposal",IF($H14<1,"B. Pelaksanaan Penelitian",IF($I14<1,"C. Penulisan Naskah",IF($J14<1,"D. Sidang Sarjana","Selesai"))))) | N14: =IF($B14="","",COUNTIF('Input Status'!D15:Z15,"Selesai")&"/"&23) | O14: =IF($B14="","",COUNTIF('Input Status'!D15:Z15,"Terhambat")) | P14: =IF(OR($B14="",$E14=""),"",$E14+('Input Status'!$X$5-1+'Input Status'!$X$6)*7) | Q14: =IF($P14="","",$P14-TODAY()) | R14: =IF($B14="","",IF($F14>=1,"Selesai",IF($K14="","Sesuai Jalur",IF($L14<-Pengaturan!$B$15,"Tertinggal",IF(OR($O14>0,$L14<-Pengaturan!$B$14),"Perlu Perhatian","Sesuai Jalur"))))) | S14: =IF($B14="","",TRIM(IF($O14>0,$O14&" kegiatan terhambat. ","")&IF(AND(ISNUMBER($Q14),$Q14<=Pengaturan!$B$16,$Q14>=0),"Sidang "&TEXT($Q14,"0")&" hari lagi. ","")&IF($E14="","Tanggal SK belum diisi.","")))
A15: ='Data Mahasiswa'!A11 | B15: =IF('Data Mahasiswa'!B11="","",'Data Mahasiswa'!B11) | C15: =IF($B15="","",'Data Mahasiswa'!C11) | D15: =IF($B15="","",'Data Mahasiswa'!F11) | E15: =IF($B15="","",IF('Data Mahasiswa'!H11="","",'Data Mahasiswa'!H11)) | F15: =IF($B15="","",SUMPRODUCT(BOBOT,IFERROR(VLOOKUP('Input Status'!D16:Z16,PETA,2,FALSE),0))/SUM(BOBOT)) | G15: =IF($B15="","",SUMPRODUCT(BOB_A,IFERROR(VLOOKUP('Input Status'!D16:J16,PETA,2,FALSE),0))/SUM(BOB_A)) | H15: =IF($B15="","",SUMPRODUCT(BOB_B,IFERROR(VLOOKUP('Input Status'!K16:N16,PETA,2,FALSE),0))/SUM(BOB_B)) | I15: =IF($B15="","",SUMPRODUCT(BOB_C,IFERROR(VLOOKUP('Input Status'!O16:T16,PETA,2,FALSE),0))/SUM(BOB_C)) | J15: =IF($B15="","",SUMPRODUCT(BOB_D,IFERROR(VLOOKUP('Input Status'!U16:Z16,PETA,2,FALSE),0))/SUM(BOB_D)) | K15: =IF(OR($B15="",$E15=""),"",SUMPRODUCT(BOBOT,((((TODAY()-$E15)/7-MULAI)/DURASI)>=1)+((((TODAY()-$E15)/7-MULAI)/DURASI)>0)*((((TODAY()-$E15)/7-MULAI)/DURASI)<1)*(((TODAY()-$E15)/7-MULAI)/DURASI))/SUM(BOBOT)) | L15: =IF(OR($F15="",$K15=""),"",$F15-$K15) | M15: =IF($B15="","",IF($G15<1,"A. Persiapan & Proposal",IF($H15<1,"B. Pelaksanaan Penelitian",IF($I15<1,"C. Penulisan Naskah",IF($J15<1,"D. Sidang Sarjana","Selesai"))))) | N15: =IF($B15="","",COUNTIF('Input Status'!D16:Z16,"Selesai")&"/"&23) | O15: =IF($B15="","",COUNTIF('Input Status'!D16:Z16,"Terhambat")) | P15: =IF(OR($B15="",$E15=""),"",$E15+('Input Status'!$X$5-1+'Input Status'!$X$6)*7) | Q15: =IF($P15="","",$P15-TODAY()) | R15: =IF($B15="","",IF($F15>=1,"Selesai",IF($K15="","Sesuai Jalur",IF($L15<-Pengaturan!$B$15,"Tertinggal",IF(OR($O15>0,$L15<-Pengaturan!$B$14),"Perlu Perhatian","Sesuai Jalur"))))) | S15: =IF($B15="","",TRIM(IF($O15>0,$O15&" kegiatan terhambat. ","")&IF(AND(ISNUMBER($Q15),$Q15<=Pengaturan!$B$16,$Q15>=0),"Sidang "&TEXT($Q15,"0")&" hari lagi. ","")&IF($E15="","Tanggal SK belum diisi.","")))
A16: ='Data Mahasiswa'!A12 | B16: =IF('Data Mahasiswa'!B12="","",'Data Mahasiswa'!B12) | C16: =IF($B16="","",'Data Mahasiswa'!C12) | D16: =IF($B16="","",'Data Mahasiswa'!F12) | E16: =IF($B16="","",IF('Data Mahasiswa'!H12="","",'Data Mahasiswa'!H12)) | F16: =IF($B16="","",SUMPRODUCT(BOBOT,IFERROR(VLOOKUP('Input Status'!D17:Z17,PETA,2,FALSE),0))/SUM(BOBOT)) | G16: =IF($B16="","",SUMPRODUCT(BOB_A,IFERROR(VLOOKUP('Input Status'!D17:J17,PETA,2,FALSE),0))/SUM(BOB_A)) | H16: =IF($B16="","",SUMPRODUCT(BOB_B,IFERROR(VLOOKUP('Input Status'!K17:N17,PETA,2,FALSE),0))/SUM(BOB_B)) | I16: =IF($B16="","",SUMPRODUCT(BOB_C,IFERROR(VLOOKUP('Input Status'!O17:T17,PETA,2,FALSE),0))/SUM(BOB_C)) | J16: =IF($B16="","",SUMPRODUCT(BOB_D,IFERROR(VLOOKUP('Input Status'!U17:Z17,PETA,2,FALSE),0))/SUM(BOB_D)) | K16: =IF(OR($B16="",$E16=""),"",SUMPRODUCT(BOBOT,((((TODAY()-$E16)/7-MULAI)/DURASI)>=1)+((((TODAY()-$E16)/7-MULAI)/DURASI)>0)*((((TODAY()-$E16)/7-MULAI)/DURASI)<1)*(((TODAY()-$E16)/7-MULAI)/DURASI))/SUM(BOBOT)) | L16: =IF(OR($F16="",$K16=""),"",$F16-$K16) | M16: =IF($B16="","",IF($G16<1,"A. Persiapan & Proposal",IF($H16<1,"B. Pelaksanaan Penelitian",IF($I16<1,"C. Penulisan Naskah",IF($J16<1,"D. Sidang Sarjana","Selesai"))))) | N16: =IF($B16="","",COUNTIF('Input Status'!D17:Z17,"Selesai")&"/"&23) | O16: =IF($B16="","",COUNTIF('Input Status'!D17:Z17,"Terhambat")) | P16: =IF(OR($B16="",$E16=""),"",$E16+('Input Status'!$X$5-1+'Input Status'!$X$6)*7) | Q16: =IF($P16="","",$P16-TODAY()) | R16: =IF($B16="","",IF($F16>=1,"Selesai",IF($K16="","Sesuai Jalur",IF($L16<-Pengaturan!$B$15,"Tertinggal",IF(OR($O16>0,$L16<-Pengaturan!$B$14),"Perlu Perhatian","Sesuai Jalur"))))) | S16: =IF($B16="","",TRIM(IF($O16>0,$O16&" kegiatan terhambat. ","")&IF(AND(ISNUMBER($Q16),$Q16<=Pengaturan!$B$16,$Q16>=0),"Sidang "&TEXT($Q16,"0")&" hari lagi. ","")&IF($E16="","Tanggal SK belum diisi.","")))
A17: ='Data Mahasiswa'!A13 | B17: =IF('Data Mahasiswa'!B13="","",'Data Mahasiswa'!B13) | C17: =IF($B17="","",'Data Mahasiswa'!C13) | D17: =IF($B17="","",'Data Mahasiswa'!F13) | E17: =IF($B17="","",IF('Data Mahasiswa'!H13="","",'Data Mahasiswa'!H13)) | F17: =IF($B17="","",SUMPRODUCT(BOBOT,IFERROR(VLOOKUP('Input Status'!D18:Z18,PETA,2,FALSE),0))/SUM(BOBOT)) | G17: =IF($B17="","",SUMPRODUCT(BOB_A,IFERROR(VLOOKUP('Input Status'!D18:J18,PETA,2,FALSE),0))/SUM(BOB_A)) | H17: =IF($B17="","",SUMPRODUCT(BOB_B,IFERROR(VLOOKUP('Input Status'!K18:N18,PETA,2,FALSE),0))/SUM(BOB_B)) | I17: =IF($B17="","",SUMPRODUCT(BOB_C,IFERROR(VLOOKUP('Input Status'!O18:T18,PETA,2,FALSE),0))/SUM(BOB_C)) | J17: =IF($B17="","",SUMPRODUCT(BOB_D,IFERROR(VLOOKUP('Input Status'!U18:Z18,PETA,2,FALSE),0))/SUM(BOB_D)) | K17: =IF(OR($B17="",$E17=""),"",SUMPRODUCT(BOBOT,((((TODAY()-$E17)/7-MULAI)/DURASI)>=1)+((((TODAY()-$E17)/7-MULAI)/DURASI)>0)*((((TODAY()-$E17)/7-MULAI)/DURASI)<1)*(((TODAY()-$E17)/7-MULAI)/DURASI))/SUM(BOBOT)) | L17: =IF(OR($F17="",$K17=""),"",$F17-$K17) | M17: =IF($B17="","",IF($G17<1,"A. Persiapan & Proposal",IF($H17<1,"B. Pelaksanaan Penelitian",IF($I17<1,"C. Penulisan Naskah",IF($J17<1,"D. Sidang Sarjana","Selesai"))))) | N17: =IF($B17="","",COUNTIF('Input Status'!D18:Z18,"Selesai")&"/"&23) | O17: =IF($B17="","",COUNTIF('Input Status'!D18:Z18,"Terhambat")) | P17: =IF(OR($B17="",$E17=""),"",$E17+('Input Status'!$X$5-1+'Input Status'!$X$6)*7) | Q17: =IF($P17="","",$P17-TODAY()) | R17: =IF($B17="","",IF($F17>=1,"Selesai",IF($K17="","Sesuai Jalur",IF($L17<-Pengaturan!$B$15,"Tertinggal",IF(OR($O17>0,$L17<-Pengaturan!$B$14),"Perlu Perhatian","Sesuai Jalur"))))) | S17: =IF($B17="","",TRIM(IF($O17>0,$O17&" kegiatan terhambat. ","")&IF(AND(ISNUMBER($Q17),$Q17<=Pengaturan!$B$16,$Q17>=0),"Sidang "&TEXT($Q17,"0")&" hari lagi. ","")&IF($E17="","Tanggal SK belum diisi.","")))
A18: ='Data Mahasiswa'!A14 | B18: =IF('Data Mahasiswa'!B14="","",'Data Mahasiswa'!B14) | C18: =IF($B18="","",'Data Mahasiswa'!C14) | D18: =IF($B18="","",'Data Mahasiswa'!F14) | E18: =IF($B18="","",IF('Data Mahasiswa'!H14="","",'Data Mahasiswa'!H14)) | F18: =IF($B18="","",SUMPRODUCT(BOBOT,IFERROR(VLOOKUP('Input Status'!D19:Z19,PETA,2,FALSE),0))/SUM(BOBOT)) | G18: =IF($B18="","",SUMPRODUCT(BOB_A,IFERROR(VLOOKUP('Input Status'!D19:J19,PETA,2,FALSE),0))/SUM(BOB_A)) | H18: =IF($B18="","",SUMPRODUCT(BOB_B,IFERROR(VLOOKUP('Input Status'!K19:N19,PETA,2,FALSE),0))/SUM(BOB_B)) | I18: =IF($B18="","",SUMPRODUCT(BOB_C,IFERROR(VLOOKUP('Input Status'!O19:T19,PETA,2,FALSE),0))/SUM(BOB_C)) | J18: =IF($B18="","",SUMPRODUCT(BOB_D,IFERROR(VLOOKUP('Input Status'!U19:Z19,PETA,2,FALSE),0))/SUM(BOB_D)) | K18: =IF(OR($B18="",$E18=""),"",SUMPRODUCT(BOBOT,((((TODAY()-$E18)/7-MULAI)/DURASI)>=1)+((((TODAY()-$E18)/7-MULAI)/DURASI)>0)*((((TODAY()-$E18)/7-MULAI)/DURASI)<1)*(((TODAY()-$E18)/7-MULAI)/DURASI))/SUM(BOBOT)) | L18: =IF(OR($F18="",$K18=""),"",$F18-$K18) | M18: =IF($B18="","",IF($G18<1,"A. Persiapan & Proposal",IF($H18<1,"B. Pelaksanaan Penelitian",IF($I18<1,"C. Penulisan Naskah",IF($J18<1,"D. Sidang Sarjana","Selesai"))))) | N18: =IF($B18="","",COUNTIF('Input Status'!D19:Z19,"Selesai")&"/"&23) | O18: =IF($B18="","",COUNTIF('Input Status'!D19:Z19,"Terhambat")) | P18: =IF(OR($B18="",$E18=""),"",$E18+('Input Status'!$X$5-1+'Input Status'!$X$6)*7) | Q18: =IF($P18="","",$P18-TODAY()) | R18: =IF($B18="","",IF($F18>=1,"Selesai",IF($K18="","Sesuai Jalur",IF($L18<-Pengaturan!$B$15,"Tertinggal",IF(OR($O18>0,$L18<-Pengaturan!$B$14),"Perlu Perhatian","Sesuai Jalur"))))) | S18: =IF($B18="","",TRIM(IF($O18>0,$O18&" kegiatan terhambat. ","")&IF(AND(ISNUMBER($Q18),$Q18<=Pengaturan!$B$16,$Q18>=0),"Sidang "&TEXT($Q18,"0")&" hari lagi. ","")&IF($E18="","Tanggal SK belum diisi.","")))
A19: ='Data Mahasiswa'!A15 | B19: =IF('Data Mahasiswa'!B15="","",'Data Mahasiswa'!B15) | C19: =IF($B19="","",'Data Mahasiswa'!C15) | D19: =IF($B19="","",'Data Mahasiswa'!F15) | E19: =IF($B19="","",IF('Data Mahasiswa'!H15="","",'Data Mahasiswa'!H15)) | F19: =IF($B19="","",SUMPRODUCT(BOBOT,IFERROR(VLOOKUP('Input Status'!D20:Z20,PETA,2,FALSE),0))/SUM(BOBOT)) | G19: =IF($B19="","",SUMPRODUCT(BOB_A,IFERROR(VLOOKUP('Input Status'!D20:J20,PETA,2,FALSE),0))/SUM(BOB_A)) | H19: =IF($B19="","",SUMPRODUCT(BOB_B,IFERROR(VLOOKUP('Input Status'!K20:N20,PETA,2,FALSE),0))/SUM(BOB_B)) | I19: =IF($B19="","",SUMPRODUCT(BOB_C,IFERROR(VLOOKUP('Input Status'!O20:T20,PETA,2,FALSE),0))/SUM(BOB_C)) | J19: =IF($B19="","",SUMPRODUCT(BOB_D,IFERROR(VLOOKUP('Input Status'!U20:Z20,PETA,2,FALSE),0))/SUM(BOB_D)) | K19: =IF(OR($B19="",$E19=""),"",SUMPRODUCT(BOBOT,((((TODAY()-$E19)/7-MULAI)/DURASI)>=1)+((((TODAY()-$E19)/7-MULAI)/DURASI)>0)*((((TODAY()-$E19)/7-MULAI)/DURASI)<1)*(((TODAY()-$E19)/7-MULAI)/DURASI))/SUM(BOBOT)) | L19: =IF(OR($F19="",$K19=""),"",$F19-$K19) | M19: =IF($B19="","",IF($G19<1,"A. Persiapan & Proposal",IF($H19<1,"B. Pelaksanaan Penelitian",IF($I19<1,"C. Penulisan Naskah",IF($J19<1,"D. Sidang Sarjana","Selesai"))))) | N19: =IF($B19="","",COUNTIF('Input Status'!D20:Z20,"Selesai")&"/"&23) | O19: =IF($B19="","",COUNTIF('Input Status'!D20:Z20,"Terhambat")) | P19: =IF(OR($B19="",$E19=""),"",$E19+('Input Status'!$X$5-1+'Input Status'!$X$6)*7) | Q19: =IF($P19="","",$P19-TODAY()) | R19: =IF($B19="","",IF($F19>=1,"Selesai",IF($K19="","Sesuai Jalur",IF($L19<-Pengaturan!$B$15,"Tertinggal",IF(OR($O19>0,$L19<-Pengaturan!$B$14),"Perlu Perhatian","Sesuai Jalur"))))) | S19: =IF($B19="","",TRIM(IF($O19>0,$O19&" kegiatan terhambat. ","")&IF(AND(ISNUMBER($Q19),$Q19<=Pengaturan!$B$16,$Q19>=0),"Sidang "&TEXT($Q19,"0")&" hari lagi. ","")&IF($E19="","Tanggal SK belum diisi.","")))
... A32: ='Data Mahasiswa'!A28 | B32: =IF('Data Mahasiswa'!B28="","",'Data Mahasiswa'!B28) | C32: =IF($B32="","",'Data Mahasiswa'!C28) | D32: =IF($B32="","",'Data Mahasiswa'!F28) | E32: =IF($B32="","",IF('Data Mahasiswa'!H28="","",'Data Mahasiswa'!H28)) | F32: =IF($B32="","",SUMPRODUCT(BOBOT,IFERROR(VLOOKUP('Input Status'!D33:Z33,PETA,2,FALSE),0))/SUM(BOBOT)) | G32: =IF($B32="","",SUMPRODUCT(BOB_A,IFERROR(VLOOKUP('Input Status'!D33:J33,PETA,2,FALSE),0))/SUM(BOB_A)) | H32: =IF($B32="","",SUMPRODUCT(BOB_B,IFERROR(VLOOKUP('Input Status'!K33:N33,PETA,2,FALSE),0))/SUM(BOB_B)) | I32: =IF($B32="","",SUMPRODUCT(BOB_C,IFERROR(VLOOKUP('Input Status'!O33:T33,PETA,2,FALSE),0))/SUM(BOB_C)) | J32: =IF($B32="","",SUMPRODUCT(BOB_D,IFERROR(VLOOKUP('Input Status'!U33:Z33,PETA,2,FALSE),0))/SUM(BOB_D)) | K32: =IF(OR($B32="",$E32=""),"",SUMPRODUCT(BOBOT,((((TODAY()-$E32)/7-MULAI)/DURASI)>=1)+((((TODAY()-$E32)/7-MULAI)/DURASI)>0)*((((TODAY()-$E32)/7-MULAI)/DURASI)<1)*(((TODAY()-$E32)/7-MULAI)/DURASI))/SUM(BOBOT)) | L32: =IF(OR($F32="",$K32=""),"",$F32-$K32) | M32: =IF($B32="","",IF($G32<1,"A. Persiapan & Proposal",IF($H32<1,"B. Pelaksanaan Penelitian",IF($I32<1,"C. Penulisan Naskah",IF($J32<1,"D. Sidang Sarjana","Selesai"))))) | N32: =IF($B32="","",COUNTIF('Input Status'!D33:Z33,"Selesai")&"/"&23) | O32: =IF($B32="","",COUNTIF('Input Status'!D33:Z33,"Terhambat")) | P32: =IF(OR($B32="",$E32=""),"",$E32+('Input Status'!$X$5-1+'Input Status'!$X$6)*7) | Q32: =IF($P32="","",$P32-TODAY()) | R32: =IF($B32="","",IF($F32>=1,"Selesai",IF($K32="","Sesuai Jalur",IF($L32<-Pengaturan!$B$15,"Tertinggal",IF(OR($O32>0,$L32<-Pengaturan!$B$14),"Perlu Perhatian","Sesuai Jalur"))))) | S32: =IF($B32="","",TRIM(IF($O32>0,$O32&" kegiatan terhambat. ","")&IF(AND(ISNUMBER($Q32),$Q32<=Pengaturan!$B$16,$Q32>=0),"Sidang "&TEXT($Q32,"0")&" hari lagi. ","")&IF($E32="","Tanggal SK belum diisi.","")))

Sheet Web (Publish)
A1: Nama | B1: NIM | C1: Pembimbing | D1: Topik | E1: Tampilkan | F1: A. Persiapan & Proposal | G1: B. Pelaksanaan Penelitian | H1: C. Penulisan & Bimbingan Naskah | I1: D. Sidang Sarjana | J1: Pengolahan Data
A2: =IF('Data Mahasiswa'!B4="","",'Data Mahasiswa'!B4) | B2: =IF($A2="","",'Data Mahasiswa'!C4) | C2: =IF($A2="","",'Data Mahasiswa'!F4) | D2: =IF($A2="","",'Data Mahasiswa'!E4) | E2: =IF($A2="","","y") | F2: =IF($A2="","",IF(COUNTIF('Input Status'!D9:J9,"Terhambat")>0,"Terhambat ","")&TEXT('Laporan Progres'!G8,"0%")) | G2: =IF($A2="","",IF(COUNTIF('Input Status'!K9:N9,"Terhambat")>0,"Terhambat ","")&TEXT('Laporan Progres'!H8,"0%")) | H2: =IF($A2="","",IF(COUNTIF('Input Status'!O9:T9,"Terhambat")>0,"Terhambat ","")&TEXT('Laporan Progres'!I8,"0%")) | I2: =IF($A2="","",IF(COUNTIF('Input Status'!U9:Z9,"Terhambat")>0,"Terhambat ","")&TEXT('Laporan Progres'!J8,"0%")) | J2: =IF($A2="","",IF('Input Status'!M9="","",IF('Input Status'!M9="Terhambat","Terhambat ","")&TEXT(IFERROR(VLOOKUP('Input Status'!M9,Pengaturan!$A$6:$B$10,2,FALSE),0),"0%")))
A3: =IF('Data Mahasiswa'!B5="","",'Data Mahasiswa'!B5) | B3: =IF($A3="","",'Data Mahasiswa'!C5) | C3: =IF($A3="","",'Data Mahasiswa'!F5) | D3: =IF($A3="","",'Data Mahasiswa'!E5) | E3: =IF($A3="","","y") | F3: =IF($A3="","",IF(COUNTIF('Input Status'!D10:J10,"Terhambat")>0,"Terhambat ","")&TEXT('Laporan Progres'!G9,"0%")) | G3: =IF($A3="","",IF(COUNTIF('Input Status'!K10:N10,"Terhambat")>0,"Terhambat ","")&TEXT('Laporan Progres'!H9,"0%")) | H3: =IF($A3="","",IF(COUNTIF('Input Status'!O10:T10,"Terhambat")>0,"Terhambat ","")&TEXT('Laporan Progres'!I9,"0%")) | I3: =IF($A3="","",IF(COUNTIF('Input Status'!U10:Z10,"Terhambat")>0,"Terhambat ","")&TEXT('Laporan Progres'!J9,"0%")) | J3: =IF($A3="","",IF('Input Status'!M10="","",IF('Input Status'!M10="Terhambat","Terhambat ","")&TEXT(IFERROR(VLOOKUP('Input Status'!M10,Pengaturan!$A$6:$B$10,2,FALSE),0),"0%")))
A4: =IF('Data Mahasiswa'!B6="","",'Data Mahasiswa'!B6) | B4: =IF($A4="","",'Data Mahasiswa'!C6) | C4: =IF($A4="","",'Data Mahasiswa'!F6) | D4: =IF($A4="","",'Data Mahasiswa'!E6) | E4: =IF($A4="","","y") | F4: =IF($A4="","",IF(COUNTIF('Input Status'!D11:J11,"Terhambat")>0,"Terhambat ","")&TEXT('Laporan Progres'!G10,"0%")) | G4: =IF($A4="","",IF(COUNTIF('Input Status'!K11:N11,"Terhambat")>0,"Terhambat ","")&TEXT('Laporan Progres'!H10,"0%")) | H4: =IF($A4="","",IF(COUNTIF('Input Status'!O11:T11,"Terhambat")>0,"Terhambat ","")&TEXT('Laporan Progres'!I10,"0%")) | I4: =IF($A4="","",IF(COUNTIF('Input Status'!U11:Z11,"Terhambat")>0,"Terhambat ","")&TEXT('Laporan Progres'!J10,"0%")) | J4: =IF($A4="","",IF('Input Status'!M11="","",IF('Input Status'!M11="Terhambat","Terhambat ","")&TEXT(IFERROR(VLOOKUP('Input Status'!M11,Pengaturan!$A$6:$B$10,2,FALSE),0),"0%")))
A5: =IF('Data Mahasiswa'!B7="","",'Data Mahasiswa'!B7) | B5: =IF($A5="","",'Data Mahasiswa'!C7) | C5: =IF($A5="","",'Data Mahasiswa'!F7) | D5: =IF($A5="","",'Data Mahasiswa'!E7) | E5: =IF($A5="","","y") | F5: =IF($A5="","",IF(COUNTIF('Input Status'!D12:J12,"Terhambat")>0,"Terhambat ","")&TEXT('Laporan Progres'!G11,"0%")) | G5: =IF($A5="","",IF(COUNTIF('Input Status'!K12:N12,"Terhambat")>0,"Terhambat ","")&TEXT('Laporan Progres'!H11,"0%")) | H5: =IF($A5="","",IF(COUNTIF('Input Status'!O12:T12,"Terhambat")>0,"Terhambat ","")&TEXT('Laporan Progres'!I11,"0%")) | I5: =IF($A5="","",IF(COUNTIF('Input Status'!U12:Z12,"Terhambat")>0,"Terhambat ","")&TEXT('Laporan Progres'!J11,"0%")) | J5: =IF($A5="","",IF('Input Status'!M12="","",IF('Input Status'!M12="Terhambat","Terhambat ","")&TEXT(IFERROR(VLOOKUP('Input Status'!M12,Pengaturan!$A$6:$B$10,2,FALSE),0),"0%")))
A6: =IF('Data Mahasiswa'!B8="","",'Data Mahasiswa'!B8) | B6: =IF($A6="","",'Data Mahasiswa'!C8) | C6: =IF($A6="","",'Data Mahasiswa'!F8) | D6: =IF($A6="","",'Data Mahasiswa'!E8) | E6: =IF($A6="","","y") | F6: =IF($A6="","",IF(COUNTIF('Input Status'!D13:J13,"Terhambat")>0,"Terhambat ","")&TEXT('Laporan Progres'!G12,"0%")) | G6: =IF($A6="","",IF(COUNTIF('Input Status'!K13:N13,"Terhambat")>0,"Terhambat ","")&TEXT('Laporan Progres'!H12,"0%")) | H6: =IF($A6="","",IF(COUNTIF('Input Status'!O13:T13,"Terhambat")>0,"Terhambat ","")&TEXT('Laporan Progres'!I12,"0%")) | I6: =IF($A6="","",IF(COUNTIF('Input Status'!U13:Z13,"Terhambat")>0,"Terhambat ","")&TEXT('Laporan Progres'!J12,"0%")) | J6: =IF($A6="","",IF('Input Status'!M13="","",IF('Input Status'!M13="Terhambat","Terhambat ","")&TEXT(IFERROR(VLOOKUP('Input Status'!M13,Pengaturan!$A$6:$B$10,2,FALSE),0),"0%")))
A7: =IF('Data Mahasiswa'!B9="","",'Data Mahasiswa'!B9) | B7: =IF($A7="","",'Data Mahasiswa'!C9) | C7: =IF($A7="","",'Data Mahasiswa'!F9) | D7: =IF($A7="","",'Data Mahasiswa'!E9) | E7: =IF($A7="","","y") | F7: =IF($A7="","",IF(COUNTIF('Input Status'!D14:J14,"Terhambat")>0,"Terhambat ","")&TEXT('Laporan Progres'!G13,"0%")) | G7: =IF($A7="","",IF(COUNTIF('Input Status'!K14:N14,"Terhambat")>0,"Terhambat ","")&TEXT('Laporan Progres'!H13,"0%")) | H7: =IF($A7="","",IF(COUNTIF('Input Status'!O14:T14,"Terhambat")>0,"Terhambat ","")&TEXT('Laporan Progres'!I13,"0%")) | I7: =IF($A7="","",IF(COUNTIF('Input Status'!U14:Z14,"Terhambat")>0,"Terhambat ","")&TEXT('Laporan Progres'!J13,"0%")) | J7: =IF($A7="","",IF('Input Status'!M14="","",IF('Input Status'!M14="Terhambat","Terhambat ","")&TEXT(IFERROR(VLOOKUP('Input Status'!M14,Pengaturan!$A$6:$B$10,2,FALSE),0),"0%")))
A8: =IF('Data Mahasiswa'!B10="","",'Data Mahasiswa'!B10) | B8: =IF($A8="","",'Data Mahasiswa'!C10) | C8: =IF($A8="","",'Data Mahasiswa'!F10) | D8: =IF($A8="","",'Data Mahasiswa'!E10) | E8: =IF($A8="","","y") | F8: =IF($A8="","",IF(COUNTIF('Input Status'!D15:J15,"Terhambat")>0,"Terhambat ","")&TEXT('Laporan Progres'!G14,"0%")) | G8: =IF($A8="","",IF(COUNTIF('Input Status'!K15:N15,"Terhambat")>0,"Terhambat ","")&TEXT('Laporan Progres'!H14,"0%")) | H8: =IF($A8="","",IF(COUNTIF('Input Status'!O15:T15,"Terhambat")>0,"Terhambat ","")&TEXT('Laporan Progres'!I14,"0%")) | I8: =IF($A8="","",IF(COUNTIF('Input Status'!U15:Z15,"Terhambat")>0,"Terhambat ","")&TEXT('Laporan Progres'!J14,"0%")) | J8: =IF($A8="","",IF('Input Status'!M15="","",IF('Input Status'!M15="Terhambat","Terhambat ","")&TEXT(IFERROR(VLOOKUP('Input Status'!M15,Pengaturan!$A$6:$B$10,2,FALSE),0),"0%")))
A9: =IF('Data Mahasiswa'!B11="","",'Data Mahasiswa'!B11) | B9: =IF($A9="","",'Data Mahasiswa'!C11) | C9: =IF($A9="","",'Data Mahasiswa'!F11) | D9: =IF($A9="","",'Data Mahasiswa'!E11) | E9: =IF($A9="","","y") | F9: =IF($A9="","",IF(COUNTIF('Input Status'!D16:J16,"Terhambat")>0,"Terhambat ","")&TEXT('Laporan Progres'!G15,"0%")) | G9: =IF($A9="","",IF(COUNTIF('Input Status'!K16:N16,"Terhambat")>0,"Terhambat ","")&TEXT('Laporan Progres'!H15,"0%")) | H9: =IF($A9="","",IF(COUNTIF('Input Status'!O16:T16,"Terhambat")>0,"Terhambat ","")&TEXT('Laporan Progres'!I15,"0%")) | I9: =IF($A9="","",IF(COUNTIF('Input Status'!U16:Z16,"Terhambat")>0,"Terhambat ","")&TEXT('Laporan Progres'!J15,"0%")) | J9: =IF($A9="","",IF('Input Status'!M16="","",IF('Input Status'!M16="Terhambat","Terhambat ","")&TEXT(IFERROR(VLOOKUP('Input Status'!M16,Pengaturan!$A$6:$B$10,2,FALSE),0),"0%")))
A10: =IF('Data Mahasiswa'!B12="","",'Data Mahasiswa'!B12) | B10: =IF($A10="","",'Data Mahasiswa'!C12) | C10: =IF($A10="","",'Data Mahasiswa'!F12) | D10: =IF($A10="","",'Data Mahasiswa'!E12) | E10: =IF($A10="","","y") | F10: =IF($A10="","",IF(COUNTIF('Input Status'!D17:J17,"Terhambat")>0,"Terhambat ","")&TEXT('Laporan Progres'!G16,"0%")) | G10: =IF($A10="","",IF(COUNTIF('Input Status'!K17:N17,"Terhambat")>0,"Terhambat ","")&TEXT('Laporan Progres'!H16,"0%")) | H10: =IF($A10="","",IF(COUNTIF('Input Status'!O17:T17,"Terhambat")>0,"Terhambat ","")&TEXT('Laporan Progres'!I16,"0%")) | I10: =IF($A10="","",IF(COUNTIF('Input Status'!U17:Z17,"Terhambat")>0,"Terhambat ","")&TEXT('Laporan Progres'!J16,"0%")) | J10: =IF($A10="","",IF('Input Status'!M17="","",IF('Input Status'!M17="Terhambat","Terhambat ","")&TEXT(IFERROR(VLOOKUP('Input Status'!M17,Pengaturan!$A$6:$B$10,2,FALSE),0),"0%")))
A11: =IF('Data Mahasiswa'!B13="","",'Data Mahasiswa'!B13) | B11: =IF($A11="","",'Data Mahasiswa'!C13) | C11: =IF($A11="","",'Data Mahasiswa'!F13) | D11: =IF($A11="","",'Data Mahasiswa'!E13) | E11: =IF($A11="","","y") | F11: =IF($A11="","",IF(COUNTIF('Input Status'!D18:J18,"Terhambat")>0,"Terhambat ","")&TEXT('Laporan Progres'!G17,"0%")) | G11: =IF($A11="","",IF(COUNTIF('Input Status'!K18:N18,"Terhambat")>0,"Terhambat ","")&TEXT('Laporan Progres'!H17,"0%")) | H11: =IF($A11="","",IF(COUNTIF('Input Status'!O18:T18,"Terhambat")>0,"Terhambat ","")&TEXT('Laporan Progres'!I17,"0%")) | I11: =IF($A11="","",IF(COUNTIF('Input Status'!U18:Z18,"Terhambat")>0,"Terhambat ","")&TEXT('Laporan Progres'!J17,"0%")) | J11: =IF($A11="","",IF('Input Status'!M18="","",IF('Input Status'!M18="Terhambat","Terhambat ","")&TEXT(IFERROR(VLOOKUP('Input Status'!M18,Pengaturan!$A$6:$B$10,2,FALSE),0),"0%")))
A12: =IF('Data Mahasiswa'!B14="","",'Data Mahasiswa'!B14) | B12: =IF($A12="","",'Data Mahasiswa'!C14) | C12: =IF($A12="","",'Data Mahasiswa'!F14) | D12: =IF($A12="","",'Data Mahasiswa'!E14) | E12: =IF($A12="","","y") | F12: =IF($A12="","",IF(COUNTIF('Input Status'!D19:J19,"Terhambat")>0,"Terhambat ","")&TEXT('Laporan Progres'!G18,"0%")) | G12: =IF($A12="","",IF(COUNTIF('Input Status'!K19:N19,"Terhambat")>0,"Terhambat ","")&TEXT('Laporan Progres'!H18,"0%")) | H12: =IF($A12="","",IF(COUNTIF('Input Status'!O19:T19,"Terhambat")>0,"Terhambat ","")&TEXT('Laporan Progres'!I18,"0%")) | I12: =IF($A12="","",IF(COUNTIF('Input Status'!U19:Z19,"Terhambat")>0,"Terhambat ","")&TEXT('Laporan Progres'!J18,"0%")) | J12: =IF($A12="","",IF('Input Status'!M19="","",IF('Input Status'!M19="Terhambat","Terhambat ","")&TEXT(IFERROR(VLOOKUP('Input Status'!M19,Pengaturan!$A$6:$B$10,2,FALSE),0),"0%")))
A13: =IF('Data Mahasiswa'!B15="","",'Data Mahasiswa'!B15) | B13: =IF($A13="","",'Data Mahasiswa'!C15) | C13: =IF($A13="","",'Data Mahasiswa'!F15) | D13: =IF($A13="","",'Data Mahasiswa'!E15) | E13: =IF($A13="","","y") | F13: =IF($A13="","",IF(COUNTIF('Input Status'!D20:J20,"Terhambat")>0,"Terhambat ","")&TEXT('Laporan Progres'!G19,"0%")) | G13: =IF($A13="","",IF(COUNTIF('Input Status'!K20:N20,"Terhambat")>0,"Terhambat ","")&TEXT('Laporan Progres'!H19,"0%")) | H13: =IF($A13="","",IF(COUNTIF('Input Status'!O20:T20,"Terhambat")>0,"Terhambat ","")&TEXT('Laporan Progres'!I19,"0%")) | I13: =IF($A13="","",IF(COUNTIF('Input Status'!U20:Z20,"Terhambat")>0,"Terhambat ","")&TEXT('Laporan Progres'!J19,"0%")) | J13: =IF($A13="","",IF('Input Status'!M20="","",IF('Input Status'!M20="Terhambat","Terhambat ","")&TEXT(IFERROR(VLOOKUP('Input Status'!M20,Pengaturan!$A$6:$B$10,2,FALSE),0),"0%")))
... A26: =IF('Data Mahasiswa'!B28="","",'Data Mahasiswa'!B28) | B26: =IF($A26="","",'Data Mahasiswa'!C28) | C26: =IF($A26="","",'Data Mahasiswa'!F28) | D26: =IF($A26="","",'Data Mahasiswa'!E28) | E26: =IF($A26="","","y") | F26: =IF($A26="","",IF(COUNTIF('Input Status'!D33:J33,"Terhambat")>0,"Terhambat ","")&TEXT('Laporan Progres'!G32,"0%")) | G26: =IF($A26="","",IF(COUNTIF('Input Status'!K33:N33,"Terhambat")>0,"Terhambat ","")&TEXT('Laporan Progres'!H32,"0%")) | H26: =IF($A26="","",IF(COUNTIF('Input Status'!O33:T33,"Terhambat")>0,"Terhambat ","")&TEXT('Laporan Progres'!I32,"0%")) | I26: =IF($A26="","",IF(COUNTIF('Input Status'!U33:Z33,"Terhambat")>0,"Terhambat ","")&TEXT('Laporan Progres'!J32,"0%")) | J26: =IF($A26="","",IF('Input Status'!M33="","",IF('Input Status'!M33="Terhambat","Terhambat ","")&TEXT(IFERROR(VLOOKUP('Input Status'!M33,Pengaturan!$A$6:$B$10,2,FALSE),0),"0%")))

Sheet Pengaturan
A1: PENGATURAN PERHITUNGAN
A2: Semua angka di sini adalah asumsi contoh - sesuaikan dengan kebijakan prodi.
A4: BOBOT PERSEN PER STATUS KEGIATAN
A5: Status | B5: Dihitung sebagai | C5: Keterangan
A6: Belum Mulai | B6: 0 | C6: Tetap 0%
A7: Sedang Dikerjakan | B7: 0.5 | C7: Kegiatan sudah berjalan, belum selesai
A8: Menunggu Review | B8: 0.75 | C8: Pekerjaan mahasiswa selesai, menunggu masukan/ACC dosen
A9: Terhambat | B9: 0.25 | C9: Ada kendala; tetap diberi bobot kecil dan ditandai di peringatan
A10: Selesai | B10: 1 | C10: Tetap 100%
A12: AMBANG STATUS MAHASISWA
A13: Parameter | B13: Nilai | C13: Keterangan
A14: Batas 'Perlu Perhatian' (selisih progres) | B14: 0.05 | C14: Tertinggal dari rencana lebih dari ini, atau ada kegiatan Terhambat
A15: Batas 'Tertinggal' (selisih progres) | B15: 0.15 | C15: Tertinggal dari rencana lebih dari angka ini
A16: Sidang dianggap dekat (hari) | B16: 60 | C16: Dipakai untuk peringatan & kartu 'Sidang dalam ... hari'

Sheet Petunjuk
A1: PETUNJUK PEMAKAIAN
A2: Timeline Bimbingan Torgas Blue Energy
A4: CARA PAKAI
A5: 1. Data Mahasiswa | B5: Isi daftar mahasiswa (maks. 25) beserta Tanggal SK. Hapus 4 baris contoh lebih dulu.
A6: 2. Input Status | B6: Pilih status tiap kegiatan lewat dropdown. Sel kosong dianggap Belum Mulai. Perbarui berkala.
A7: 3. Laporan Progres | B7: Terisi otomatis. Pakai tombol filter di header untuk menyaring, misalnya hanya yang Tertinggal.
A8: 4. Pengaturan | B8: Ubah persen tiap status dan ambang status bila perlu.
A9: 5. Web (Publish) | B9: JANGAN diisi tangan. Tab inilah yang dibaca website - lihat bagian di bawah.
A11: CARA MENGHITUNG
A12: Progres Keseluruhan | B12: Jumlah(bobot kegiatan x persen status) dibagi jumlah bobot. Persen status diatur di tab Pengaturan.
A13: Progres per tahap | B13: Cara yang sama, hanya untuk kegiatan di tahap A, B, C, atau D saja.
A14: Progres Seharusnya | B14: Progres yang semestinya tercapai hari ini menurut Mulai & Durasi, dihitung dari Tanggal SK tiap mahasiswa.
A15: Selisih | B15: Aktual dikurangi seharusnya. Angka merah berarti tertinggal dari jadwal.
A16: Status | B16: Selesai (100%) / Tertinggal / Perlu Perhatian (ada kegiatan Terhambat atau selisih melewati ambang) / Sesuai Jalur.
A18: MENGHUBUNGKAN KE WEBSITE STUDENT PORTAL
A19: Langkah 1 | B19: File > Share > Publish to web
A20: Langkah 2 | B20: Dropdown kiri: pilih tab Web (Publish). JANGAN pilih Entire document.
A21: Langkah 3 | B21: Dropdown kanan: pilih Comma-separated values (.csv)
A22: Langkah 4 | B22: Tekan Publish, salin alamat yang muncul
A23: Langkah 5 | B23: Tempel alamat itu ke TIMELINE_CSV_URL di berkas src/config.js pada website
A25: YANG PERLU DISADARI
A26: Hanya tab Web yang terbuka | B26: Setelah di-publish, tab Web (Publish) bisa dibaca siapa pun yang tahu alamatnya, tanpa login.
B27: Tab Data Mahasiswa, Input Status, dan Laporan Progres TIDAK ikut terbuka.
A28: Isi tab Web | B28: Hanya nama, NIM, pembimbing, judul, dan persentase per tahap. Tidak ada tanggal SK, catatan, atau peringatan.
A29: Menutup kembali | B29: File > Share > Publish to web > Stop publishing, lalu kosongkan TIMELINE_CSV_URL.
A31: ASUMSI YANG PERLU DISESUAIKAN
A32: Persen per status | B32: 50/75/25% adalah contoh, bukan standar baku.
A33: Jadwal default | B33: Sekitar 36 minggu dari SK, hanya estimasi umum. Seminar hasil dan izin etik berbeda antar prodi.
A34: Kegiatan tak berlaku | B34: Beri Bobot 0 pada kegiatan yang tidak dipakai, jangan dihapus kolomnya.
A35: Berlaku seragam | B35: Jadwal dan bobot berlaku sama untuk semua mahasiswa dalam berkas ini.
