Workbook

Sheet Panduan
A1: PANDUAN WAWANCARA MAGANG — TORGAS BLUE ENERGY
A2: Berkas ini berisi bank pertanyaan, lembar penilaian per orang, dan rekap perbandingan.
A5: CARA PAKAI
A6: 1. | B6: Buka tab 'Bank Pertanyaan' sebelum wawancara. Pilih pertanyaan yang relevan — tidak semua harus ditanyakan.
A7: 2. | B7: Selama wawancara, isi tab nama orang yang bersangkutan. Hanya kolom kuning yang diisi.
A8: 3. | B8: Nilai tiap kriteria 1-5. Kolom Nilai Akhir dan Rekap terhitung otomatis.
A9: 4. | B9: Tulis catatan berupa BUKTI, bukan kesan. 'Bisa pakai QGIS, pernah petakan tutupan karang' lebih berguna daripada 'terampil'.
A11: SKALA PENILAIAN
A12: 5 | B12: Istimewa - jauh di atas harapan untuk mahasiswa S1
A13: 4 | B13: Baik - di atas rata-rata, siap dilepas dengan pengawasan ringan
A14: 3 | B14: Cukup - memenuhi harapan dasar, perlu bimbingan normal
A15: 2 | B15: Kurang - ada celah yang perlu dilatih sebelum masuk kegiatan inti
A16: 1 | B16: Sangat kurang - tidak memenuhi syarat dasar
A18: AMBANG KEPUTUSAN
A19: >= 4,00 | B19: Sangat direkomendasikan
A20: 3,25 - 3,99 | B20: Direkomendasikan
A21: 2,50 - 3,24 | B21: Dipertimbangkan - butuh pendampingan lebih
A22: < 2,50 | B22: Belum direkomendasikan
A24: CATATAN PENTING
A25: ! | B25: Bobot kriteria ada di tiap lembar penilaian dan boleh diubah, asalkan totalnya tetap 100%.
A26: ! | B26: Prima dan Ridho statusnya sudah APPROVED. Bagi keduanya wawancara ini untuk PENEMPATAN, bukan seleksi ulang.
A27: ! | B27: Debora, Christian, dan Hanna sudah bergabung. Nilainya dipakai untuk penempatan dan pengembangan, bukan lolos/tidak.
A28: ! | B28: Isi lembar penilaian saat wawancara berlangsung, bukan setelah semuanya selesai - ingatan memudar dan orang terakhir jadi tertimbang berbeda.

Sheet Bank Pertanyaan
A1: BANK PERTANYAAN WAWANCARA
A2: Umum untuk seluruh lini Torgas Blue Energy. Kolom 'Yang Dicari' membantu menilai jawaban secara konsisten antar-pewawancara.
A4: No | B4: Bagian | C4: Pertanyaan | D4: Tujuan | E4: Yang Dicari dalam Jawaban | F4: Kriteria Terkait
A5: 1 | B5: A. Pembuka | C5: Ceritakan tentang diri Anda dan apa yang membuat Anda tertarik pada ilmu kelautan. | D5: Mencairkan suasana, menilai cara bercerita | E5: Runtut, spesifik, ada alasan pribadi yang jelas - bukan jawaban hafalan | F5: Komunikasi
A6: 2 | B6: A. Pembuka | C6: Apa yang Anda ketahui tentang Torgas Blue Energy sebelum melamar? | D6: Menguji kesungguhan dan riset awal | E6: Menyebut hal konkret: lab Jatinangor, stasiun Pangandaran, atau salah satu bidang risetnya | F6: Komitmen
A7: 3 | B7: B. Pemahaman Torgas | C7: Torgas punya dua basis: laboratorium terpadu di Jatinangor dan stasiun pesisir di Pangandaran. Menurut Anda apa beda peran keduanya? | D7: Menguji pemahaman alur kerja lab vs lapangan | E7: Paham bahwa Pangandaran untuk survei/pengambilan sampel lapangan, Jatinangor untuk analisis dan pengujian | F7: Pemahaman Torgas
A8: 4 | B8: B. Pemahaman Torgas | C8: Torgas mengerjakan beberapa bidang sekaligus: pemantauan kualitas air, energi bersih dari biomassa laut, teknologi pemantauan otonom, dan blue carbon. Mana yang paling menarik bagi Anda, dan mengapa? | D8: Melihat arah minat dan kejujuran preferensi | E8: Memilih satu dengan alasan yang nyambung ke latar belakangnya - bukan menjawab 'semuanya menarik' | F8: Pemahaman Torgas
A9: 5 | B9: B. Pemahaman Torgas | C9: Menurut Anda apa hubungan antara riset energi terbarukan dari laut dan konservasi ekosistem pesisir? Apakah keduanya bisa bertentangan? | D9: Menguji kemampuan berpikir kritis, bukan hafalan | E9: Berani mengakui ada potensi konflik dan memberi contoh; menghindari jawaban normatif kosong | F9: Berpikir kritis
A10: 6 | B10: C. Dasar Keilmuan | C10: Sebutkan parameter kualitas air yang Anda ketahui dan jelaskan mengapa masing-masing penting. | D10: Menguji dasar keilmuan | E10: Minimal suhu, salinitas, pH, DO, kekeruhan - dan tahu arti nilainya, bukan sekadar menyebut | F10: Dasar keilmuan
A11: 7 | B11: C. Dasar Keilmuan | C11: Logam berat seperti merkuri, timbal, dan kadmium sering diuji di sampel perairan. Mengapa logam berat berbahaya, dan bagaimana ia sampai ke tubuh manusia? | D11: Menguji pemahaman pencemaran dan rantai makanan | E11: Menyebut bioakumulasi/biomagnifikasi dan jalur konsumsi hasil laut | F11: Dasar keilmuan
A12: 8 | B12: C. Dasar Keilmuan | C12: Apa yang Anda pahami tentang blue carbon, dan ekosistem apa saja yang menyimpannya? | D12: Menguji wawasan isu iklim pesisir | E12: Menyebut mangrove, lamun, rawa payau; paham perannya menyimpan karbon | F12: Dasar keilmuan
A13: 9 | B13: C. Dasar Keilmuan | C13: Kalau Anda menemukan hasil pengukuran yang jauh berbeda dari perkiraan, apa yang Anda lakukan? | D13: Menguji sikap ilmiah terhadap data ganjil | E13: Mengulang pengukuran, memeriksa kalibrasi dan prosedur - BUKAN membuang datanya | F13: Berpikir kritis
A14: 10 | B14: D. Keterampilan Lab | C14: Alat laboratorium apa saja yang pernah Anda gunakan sendiri? Ceritakan satu yang paling Anda kuasai. | D14: Memetakan keterampilan teknis nyata | E14: Menyebut alat spesifik dan langkah pemakaiannya; bisa membedakan 'pernah lihat' dan 'pernah pakai' | F14: Keterampilan teknis
A15: 11 | B15: D. Keterampilan Lab | C15: Bagaimana Anda memastikan sampel tidak terkontaminasi, sejak diambil di lapangan sampai dianalisis di lab? | D15: Menguji pemahaman rantai penanganan sampel | E15: Menyebut wadah bersih, pelabelan, pendinginan, waktu simpan, pencatatan | F15: Keterampilan teknis
A16: 12 | B16: D. Keterampilan Lab | C16: Seberapa penting pencatatan dalam logbook menurut Anda? Apa yang wajib dicatat? | D16: Menguji ketelitian dan disiplin dokumentasi | E16: Tanggal, lokasi, waktu, kondisi cuaca, pelaksana, penyimpangan prosedur | F16: Ketelitian
... A31: 27 | B31: I. Penutup | C31: Adakah hal tentang diri Anda yang belum tergali tetapi penting kami ketahui? | D31: Memberi ruang hal yang terlewat | E31: Kadang muncul informasi penting: keterbatasan kesehatan, jadwal, atau keterampilan tersembunyi | F31: Komunikasi

Sheet 1 Berry
A1: PENILAIAN — BERRY DZAIKRA SUHERMAN HIBATULLAH
A2: Isi hanya sel berlatar kuning. Nilai 1-5. Kolom Skor dan Nilai Akhir terhitung otomatis.
A4: Nama | B4: Berry Dzaikra Suherman Hibatullah
A5: Status | B5: Pelamar - PENDING
A6: Topik/Minat | B6: Analisis status pencemaran perairan, Ujung Genteng
A7: Tanggal wawancara
A8: Jam
A9: Pewawancara
A11: Kriteria | B11: Yang Dinilai | C11: Bobot | D11: Nilai (1-5) | E11: Skor Terbobot
A12: Pemahaman Torgas | B12: Tahu apa yang dikerjakan Torgas dan di mana posisinya | C12: 0.1 | E12: =IF(D12="","",C12*D12)
A13: Dasar keilmuan | B13: Penguasaan konsep ilmu kelautan sesuai jenjangnya | C13: 0.15 | E13: =IF(D13="","",C13*D13)
A14: Keterampilan teknis | B14: Kemampuan lab, lapangan, dan pengolahan data | C14: 0.2 | E14: =IF(D14="","",C14*D14)
A15: Berpikir kritis | B15: Cara menghadapi data ganjil dan masalah tak terduga | C15: 0.15 | E15: =IF(D15="","",C15*D15)
A16: Keselamatan | B16: Kesadaran prosedur dan mendahulukan keselamatan | C16: 0.1 | E16: =IF(D16="","",C16*D16)
A17: Komunikasi | B17: Kejelasan menjelaskan, termasuk ke orang non-teknis | C17: 0.1 | E17: =IF(D17="","",C17*D17)
A18: Kerja sama | B18: Sikap dalam tim dan menerima koreksi | C18: 0.1 | E18: =IF(D18="","",C18*D18)
A19: Komitmen | B19: Kesiapan waktu selama 6 bulan dan kejelasan tujuan | C19: 0.1 | E19: =IF(D19="","",C19*D19)
A20: TOTAL | C20: =SUM(C12:C19) -> 1 | E20: =IF(COUNT(D12:D19)=0,"",SUM(E12:E19)/SUM(C12:C19))
A22: Rekomendasi otomatis | B22: =IF(E20="","Belum dinilai",IF(E20>=4,"Sangat direkomendasikan",IF(E20>=3.25,"Direkomendasikan",IF(E20>=2.5,"Dipertimbangkan","Belum direkomendasikan")))) -> Belum dinilai
A24: Kekuatan utama (bukti konkret)
A25: Hal yang perlu dikembangkan
A26: Catatan lain / hal administratif
A27: Keputusan & penempatan yang disarankan

Sheet 2 Zaidan
A1: PENILAIAN — ZAIDAN RAFI FADHLIH
A2: Isi hanya sel berlatar kuning. Nilai 1-5. Kolom Skor dan Nilai Akhir terhitung otomatis.
A4: Nama | B4: Zaidan Rafi Fadhlih
A5: Status | B5: Pelamar - PENDING
A6: Topik/Minat | B6: AMDAL sebagai indikator kesehatan lingkungan budidaya
A7: Tanggal wawancara
A8: Jam
A9: Pewawancara
A11: Kriteria | B11: Yang Dinilai | C11: Bobot | D11: Nilai (1-5) | E11: Skor Terbobot
A12: Pemahaman Torgas | B12: Tahu apa yang dikerjakan Torgas dan di mana posisinya | C12: 0.1 | E12: =IF(D12="","",C12*D12)
A13: Dasar keilmuan | B13: Penguasaan konsep ilmu kelautan sesuai jenjangnya | C13: 0.15 | E13: =IF(D13="","",C13*D13)
A14: Keterampilan teknis | B14: Kemampuan lab, lapangan, dan pengolahan data | C14: 0.2 | E14: =IF(D14="","",C14*D14)
A15: Berpikir kritis | B15: Cara menghadapi data ganjil dan masalah tak terduga | C15: 0.15 | E15: =IF(D15="","",C15*D15)
A16: Keselamatan | B16: Kesadaran prosedur dan mendahulukan keselamatan | C16: 0.1 | E16: =IF(D16="","",C16*D16)
A17: Komunikasi | B17: Kejelasan menjelaskan, termasuk ke orang non-teknis | C17: 0.1 | E17: =IF(D17="","",C17*D17)
A18: Kerja sama | B18: Sikap dalam tim dan menerima koreksi | C18: 0.1 | E18: =IF(D18="","",C18*D18)
A19: Komitmen | B19: Kesiapan waktu selama 6 bulan dan kejelasan tujuan | C19: 0.1 | E19: =IF(D19="","",C19*D19)
A20: TOTAL | C20: =SUM(C12:C19) -> 1 | E20: =IF(COUNT(D12:D19)=0,"",SUM(E12:E19)/SUM(C12:C19))
A22: Rekomendasi otomatis | B22: =IF(E20="","Belum dinilai",IF(E20>=4,"Sangat direkomendasikan",IF(E20>=3.25,"Direkomendasikan",IF(E20>=2.5,"Dipertimbangkan","Belum direkomendasikan")))) -> Belum dinilai
A24: Kekuatan utama (bukti konkret)
A25: Hal yang perlu dikembangkan
A26: Catatan lain / hal administratif
A27: Keputusan & penempatan yang disarankan

Sheet 3 Prima
A1: PENILAIAN — PRIMA ARDHITO RHEZA GUNAWAN
A2: Isi hanya sel berlatar kuning. Nilai 1-5. Kolom Skor dan Nilai Akhir terhitung otomatis.
A4: Nama | B4: Prima Ardhito Rheza Gunawan
A5: Status | B5: Pelamar - APPROVED
A6: Topik/Minat | B6: Conservation on marine animals/plants
A7: Tanggal wawancara
A8: Jam
A9: Pewawancara
A11: Kriteria | B11: Yang Dinilai | C11: Bobot | D11: Nilai (1-5) | E11: Skor Terbobot
A12: Pemahaman Torgas | B12: Tahu apa yang dikerjakan Torgas dan di mana posisinya | C12: 0.1 | E12: =IF(D12="","",C12*D12)
A13: Dasar keilmuan | B13: Penguasaan konsep ilmu kelautan sesuai jenjangnya | C13: 0.15 | E13: =IF(D13="","",C13*D13)
A14: Keterampilan teknis | B14: Kemampuan lab, lapangan, dan pengolahan data | C14: 0.2 | E14: =IF(D14="","",C14*D14)
A15: Berpikir kritis | B15: Cara menghadapi data ganjil dan masalah tak terduga | C15: 0.15 | E15: =IF(D15="","",C15*D15)
A16: Keselamatan | B16: Kesadaran prosedur dan mendahulukan keselamatan | C16: 0.1 | E16: =IF(D16="","",C16*D16)
A17: Komunikasi | B17: Kejelasan menjelaskan, termasuk ke orang non-teknis | C17: 0.1 | E17: =IF(D17="","",C17*D17)
A18: Kerja sama | B18: Sikap dalam tim dan menerima koreksi | C18: 0.1 | E18: =IF(D18="","",C18*D18)
A19: Komitmen | B19: Kesiapan waktu selama 6 bulan dan kejelasan tujuan | C19: 0.1 | E19: =IF(D19="","",C19*D19)
A20: TOTAL | C20: =SUM(C12:C19) -> 1 | E20: =IF(COUNT(D12:D19)=0,"",SUM(E12:E19)/SUM(C12:C19))
A22: Rekomendasi otomatis | B22: =IF(E20="","Belum dinilai",IF(E20>=4,"Sangat direkomendasikan",IF(E20>=3.25,"Direkomendasikan",IF(E20>=2.5,"Dipertimbangkan","Belum direkomendasikan")))) -> Belum dinilai
A24: Kekuatan utama (bukti konkret)
A25: Hal yang perlu dikembangkan
A26: Catatan lain / hal administratif
A27: Keputusan & penempatan yang disarankan

Sheet 4 Ridho
A1: PENILAIAN — MUHAMMAD RIDHO FAZLI RABBANI
A2: Isi hanya sel berlatar kuning. Nilai 1-5. Kolom Skor dan Nilai Akhir terhitung otomatis.
A4: Nama | B4: Muhammad Ridho Fazli Rabbani
A5: Status | B5: Pelamar - APPROVED
A6: Topik/Minat | B6: Coral Reefs
A7: Tanggal wawancara
A8: Jam
A9: Pewawancara
A11: Kriteria | B11: Yang Dinilai | C11: Bobot | D11: Nilai (1-5) | E11: Skor Terbobot
A12: Pemahaman Torgas | B12: Tahu apa yang dikerjakan Torgas dan di mana posisinya | C12: 0.1 | E12: =IF(D12="","",C12*D12)
A13: Dasar keilmuan | B13: Penguasaan konsep ilmu kelautan sesuai jenjangnya | C13: 0.15 | E13: =IF(D13="","",C13*D13)
A14: Keterampilan teknis | B14: Kemampuan lab, lapangan, dan pengolahan data | C14: 0.2 | E14: =IF(D14="","",C14*D14)
A15: Berpikir kritis | B15: Cara menghadapi data ganjil dan masalah tak terduga | C15: 0.15 | E15: =IF(D15="","",C15*D15)
A16: Keselamatan | B16: Kesadaran prosedur dan mendahulukan keselamatan | C16: 0.1 | E16: =IF(D16="","",C16*D16)
A17: Komunikasi | B17: Kejelasan menjelaskan, termasuk ke orang non-teknis | C17: 0.1 | E17: =IF(D17="","",C17*D17)
A18: Kerja sama | B18: Sikap dalam tim dan menerima koreksi | C18: 0.1 | E18: =IF(D18="","",C18*D18)
A19: Komitmen | B19: Kesiapan waktu selama 6 bulan dan kejelasan tujuan | C19: 0.1 | E19: =IF(D19="","",C19*D19)
A20: TOTAL | C20: =SUM(C12:C19) -> 1 | E20: =IF(COUNT(D12:D19)=0,"",SUM(E12:E19)/SUM(C12:C19))
A22: Rekomendasi otomatis | B22: =IF(E20="","Belum dinilai",IF(E20>=4,"Sangat direkomendasikan",IF(E20>=3.25,"Direkomendasikan",IF(E20>=2.5,"Dipertimbangkan","Belum direkomendasikan")))) -> Belum dinilai
A24: Kekuatan utama (bukti konkret)
A25: Hal yang perlu dikembangkan
A26: Catatan lain / hal administratif
A27: Keputusan & penempatan yang disarankan

Sheet 5 Debora
A1: PENILAIAN — DEBORA ARTA Y. SINAGA
A2: Isi hanya sel berlatar kuning. Nilai 1-5. Kolom Skor dan Nilai Akhir terhitung otomatis.
A4: Nama | B4: Debora Arta Y. Sinaga
A5: Status | B5: Sudah bergabung
A6: Topik/Minat | B6: Ekosistem pesisir, mikrobiologi & genetika akuatik
A7: Tanggal wawancara
A8: Jam
A9: Pewawancara
A11: Kriteria | B11: Yang Dinilai | C11: Bobot | D11: Nilai (1-5) | E11: Skor Terbobot
A12: Pemahaman Torgas | B12: Tahu apa yang dikerjakan Torgas dan di mana posisinya | C12: 0.1 | E12: =IF(D12="","",C12*D12)
A13: Dasar keilmuan | B13: Penguasaan konsep ilmu kelautan sesuai jenjangnya | C13: 0.15 | E13: =IF(D13="","",C13*D13)
A14: Keterampilan teknis | B14: Kemampuan lab, lapangan, dan pengolahan data | C14: 0.2 | E14: =IF(D14="","",C14*D14)
A15: Berpikir kritis | B15: Cara menghadapi data ganjil dan masalah tak terduga | C15: 0.15 | E15: =IF(D15="","",C15*D15)
A16: Keselamatan | B16: Kesadaran prosedur dan mendahulukan keselamatan | C16: 0.1 | E16: =IF(D16="","",C16*D16)
A17: Komunikasi | B17: Kejelasan menjelaskan, termasuk ke orang non-teknis | C17: 0.1 | E17: =IF(D17="","",C17*D17)
A18: Kerja sama | B18: Sikap dalam tim dan menerima koreksi | C18: 0.1 | E18: =IF(D18="","",C18*D18)
A19: Komitmen | B19: Kesiapan waktu selama 6 bulan dan kejelasan tujuan | C19: 0.1 | E19: =IF(D19="","",C19*D19)
A20: TOTAL | C20: =SUM(C12:C19) -> 1 | E20: =IF(COUNT(D12:D19)=0,"",SUM(E12:E19)/SUM(C12:C19))
A22: Rekomendasi otomatis | B22: =IF(E20="","Belum dinilai",IF(E20>=4,"Sangat direkomendasikan",IF(E20>=3.25,"Direkomendasikan",IF(E20>=2.5,"Dipertimbangkan","Belum direkomendasikan")))) -> Belum dinilai
A24: Kekuatan utama (bukti konkret)
A25: Hal yang perlu dikembangkan
A26: Catatan lain / hal administratif
A27: Keputusan & penempatan yang disarankan

Sheet 6 Christian
A1: PENILAIAN — CHRISTIAN NATHANIEL RAJA GUK-GUK
A2: Isi hanya sel berlatar kuning. Nilai 1-5. Kolom Skor dan Nilai Akhir terhitung otomatis.
A4: Nama | B4: Christian Nathaniel Raja Guk-Guk
A5: Status | B5: Sudah bergabung
A6: Topik/Minat | B6: Marine debris survey & field sampling
A7: Tanggal wawancara
A8: Jam
A9: Pewawancara
A11: Kriteria | B11: Yang Dinilai | C11: Bobot | D11: Nilai (1-5) | E11: Skor Terbobot
A12: Pemahaman Torgas | B12: Tahu apa yang dikerjakan Torgas dan di mana posisinya | C12: 0.1 | E12: =IF(D12="","",C12*D12)
A13: Dasar keilmuan | B13: Penguasaan konsep ilmu kelautan sesuai jenjangnya | C13: 0.15 | E13: =IF(D13="","",C13*D13)
A14: Keterampilan teknis | B14: Kemampuan lab, lapangan, dan pengolahan data | C14: 0.2 | E14: =IF(D14="","",C14*D14)
A15: Berpikir kritis | B15: Cara menghadapi data ganjil dan masalah tak terduga | C15: 0.15 | E15: =IF(D15="","",C15*D15)
A16: Keselamatan | B16: Kesadaran prosedur dan mendahulukan keselamatan | C16: 0.1 | E16: =IF(D16="","",C16*D16)
A17: Komunikasi | B17: Kejelasan menjelaskan, termasuk ke orang non-teknis | C17: 0.1 | E17: =IF(D17="","",C17*D17)
A18: Kerja sama | B18: Sikap dalam tim dan menerima koreksi | C18: 0.1 | E18: =IF(D18="","",C18*D18)
A19: Komitmen | B19: Kesiapan waktu selama 6 bulan dan kejelasan tujuan | C19: 0.1 | E19: =IF(D19="","",C19*D19)
A20: TOTAL | C20: =SUM(C12:C19) -> 1 | E20: =IF(COUNT(D12:D19)=0,"",SUM(E12:E19)/SUM(C12:C19))
A22: Rekomendasi otomatis | B22: =IF(E20="","Belum dinilai",IF(E20>=4,"Sangat direkomendasikan",IF(E20>=3.25,"Direkomendasikan",IF(E20>=2.5,"Dipertimbangkan","Belum direkomendasikan")))) -> Belum dinilai
A24: Kekuatan utama (bukti konkret)
A25: Hal yang perlu dikembangkan
A26: Catatan lain / hal administratif
A27: Keputusan & penempatan yang disarankan

Sheet 7 Hanna
A1: PENILAIAN — HANNA FEBBRYANTI SIBURIAN
A2: Isi hanya sel berlatar kuning. Nilai 1-5. Kolom Skor dan Nilai Akhir terhitung otomatis.
A4: Nama | B4: Hanna Febbryanti Siburian
A5: Status | B5: Sudah bergabung
A6: Topik/Minat | B6: Ekosistem terumbu karang & scientific diving
A7: Tanggal wawancara
A8: Jam
A9: Pewawancara
A11: Kriteria | B11: Yang Dinilai | C11: Bobot | D11: Nilai (1-5) | E11: Skor Terbobot
A12: Pemahaman Torgas | B12: Tahu apa yang dikerjakan Torgas dan di mana posisinya | C12: 0.1 | E12: =IF(D12="","",C12*D12)
A13: Dasar keilmuan | B13: Penguasaan konsep ilmu kelautan sesuai jenjangnya | C13: 0.15 | E13: =IF(D13="","",C13*D13)
A14: Keterampilan teknis | B14: Kemampuan lab, lapangan, dan pengolahan data | C14: 0.2 | E14: =IF(D14="","",C14*D14)
A15: Berpikir kritis | B15: Cara menghadapi data ganjil dan masalah tak terduga | C15: 0.15 | E15: =IF(D15="","",C15*D15)
A16: Keselamatan | B16: Kesadaran prosedur dan mendahulukan keselamatan | C16: 0.1 | E16: =IF(D16="","",C16*D16)
A17: Komunikasi | B17: Kejelasan menjelaskan, termasuk ke orang non-teknis | C17: 0.1 | E17: =IF(D17="","",C17*D17)
A18: Kerja sama | B18: Sikap dalam tim dan menerima koreksi | C18: 0.1 | E18: =IF(D18="","",C18*D18)
A19: Komitmen | B19: Kesiapan waktu selama 6 bulan dan kejelasan tujuan | C19: 0.1 | E19: =IF(D19="","",C19*D19)
A20: TOTAL | C20: =SUM(C12:C19) -> 1 | E20: =IF(COUNT(D12:D19)=0,"",SUM(E12:E19)/SUM(C12:C19))
A22: Rekomendasi otomatis | B22: =IF(E20="","Belum dinilai",IF(E20>=4,"Sangat direkomendasikan",IF(E20>=3.25,"Direkomendasikan",IF(E20>=2.5,"Dipertimbangkan","Belum direkomendasikan")))) -> Belum dinilai
A24: Kekuatan utama (bukti konkret)
A25: Hal yang perlu dikembangkan
A26: Catatan lain / hal administratif
A27: Keputusan & penempatan yang disarankan

Sheet Rekap
A1: REKAP PERBANDINGAN
A2: Terisi otomatis dari lembar penilaian masing-masing. Jangan diketik manual.
A4: No | B4: Nama | C4: Status | D4: Topik / Minat | E4: Nilai Akhir | F4: Rekomendasi
A5: 1 | B5: Berry Dzaikra Suherman Hibatullah | C5: Pelamar - PENDING | D5: Analisis status pencemaran perairan, Ujung Genteng | E5: ='1 Berry'!E20 | F5: ='1 Berry'!B22 -> Belum dinilai
A6: 2 | B6: Zaidan Rafi Fadhlih | C6: Pelamar - PENDING | D6: AMDAL sebagai indikator kesehatan lingkungan budidaya | E6: ='2 Zaidan'!E20 | F6: ='2 Zaidan'!B22 -> Belum dinilai
A7: 3 | B7: Prima Ardhito Rheza Gunawan | C7: Pelamar - APPROVED | D7: Conservation on marine animals/plants | E7: ='3 Prima'!E20 | F7: ='3 Prima'!B22 -> Belum dinilai
A8: 4 | B8: Muhammad Ridho Fazli Rabbani | C8: Pelamar - APPROVED | D8: Coral Reefs | E8: ='4 Ridho'!E20 | F8: ='4 Ridho'!B22 -> Belum dinilai
A9: 5 | B9: Debora Arta Y. Sinaga | C9: Sudah bergabung | D9: Ekosistem pesisir, mikrobiologi & genetika akuatik | E9: ='5 Debora'!E20 | F9: ='5 Debora'!B22 -> Belum dinilai
A10: 6 | B10: Christian Nathaniel Raja Guk-Guk | C10: Sudah bergabung | D10: Marine debris survey & field sampling | E10: ='6 Christian'!E20 | F10: ='6 Christian'!B22 -> Belum dinilai
A11: 7 | B11: Hanna Febbryanti Siburian | C11: Sudah bergabung | D11: Ekosistem terumbu karang & scientific diving | E11: ='7 Hanna'!E20 | F11: ='7 Hanna'!B22 -> Belum dinilai
B13: Catatan: Nilai Akhir kosong berarti lembar orang tersebut belum diisi.
